id,domain,status,purchase_price,renewal_price,attractiveness,demand,length,registrar,created_at,expires_at,status_verified_at
526ac7ea-fa1d-4946-8c6c-2256953a1364,kauai.memorial,available,41.6,41.6,high,low,5,spaceship,,,29/09/2026 13:15
dbe20d09-a5bc-4657-b391-bf54fb0dd870,untaped.memorial,available,52.99,52.99,medium,low,7,namesilo,,,12/09/2026 10:16
16e26377-f350-4556-b708-e7e64543be45,intentions.memorial,available,52.99,52.99,medium,low,10,namesilo,,,27/09/2026 22:32
b1919214-ecec-431f-84ca-7c25905b6b22,undeterred.memorial,available,52.99,52.99,medium,low,10,namesilo,,,12/09/2026 07:59
2f53eee1-2605-45d9-8a7a-ba8debe321a6,foppish.memorial,available,64.99,65.99,medium,low,7,name.com,,,13/08/2026 17:05
66e7da5a-64c9-44c0-a0c1-240228b142a5,oslo.memorial,premium,72.6,72.6,high,low,4,dynadot,,,29/09/2026 06:45
d79cb18b-7144-4482-83bf-e46c9f7370ca,mccartney.memorial,available,40.2,40.2,high,low,9,cloudflare,,,28/09/2026 06:23
17277a0a-9e62-4f40-8d3c-2854a26c8e0c,lucent.memorial,available,52.99,52.99,high,low,6,namesilo,,,
b830ef4d-be37-4168-8cf7-00769110de43,passages.memorial,available,54.98,64.98,medium,low,8,namecheap,,,29/09/2026 16:50
62548fff-9575-41fe-bcdb-80ad6169dae9,grimm.memorial,available,43.02,43.02,high,low,5,dynadot,,,30/09/2026 17:31
56f21388-5b0a-430e-b204-b5f7894a9ef9,anniversary.memorial,available,43.02,43.02,high,low,11,dynadot,,,01/10/2026 01:18
e1766633-b824-4b38-ae66-0187209da58a,propel.memorial,available,52.99,52.99,high,low,6,namesilo,,,09/09/2026 03:16
0c58f0e1-8a09-4ef8-877b-9015fae00191,alehouse.memorial,available,52.99,52.99,medium,low,8,namesilo,,,18/09/2026 05:01
8f3b7bda-1d27-44ad-bad7-f5f6e2ae35d0,visitation.memorial,available,41.6,41.6,medium,low,10,spaceship,,,30/09/2026 11:12
7e2a905d-1b56-410a-a912-2995c094b037,segregation.memorial,available,52.99,52.99,medium,low,11,namesilo,,,16/09/2026 23:21
5000e027-ad91-4d71-b8d8-fea6561b2ee9,carthage.memorial,available,52.99,52.99,medium,low,8,namesilo,,,25/09/2026 04:02
f385b121-e150-4e9b-a545-54d924975dbf,mathias.memorial,available,52.99,52.99,high,low,7,namesilo,,,28/09/2026 05:17
6af2fcfc-2a4e-4b45-8521-b5fd4fdc35a3,evenfall.memorial,available,52.99,52.99,medium,low,8,namesilo,,,11/09/2026 21:46
b74866fd-572b-498e-acac-0094940edde6,apocryphal.memorial,available,52.99,52.99,medium,low,10,namesilo,,,06/08/2026 01:11
10c59f88-e3fd-4b4c-92e6-d41f9f66b521,seizing.memorial,available,41.6,41.6,medium,low,7,spaceship,,,30/09/2026 18:24
9c26eb18-c58a-4a99-a071-295213b0a5fe,mistress.memorial,available,41.6,41.6,high,low,8,spaceship,,,27/09/2026 14:35
91aa7122-9f96-4b14-9387-4102725cf53b,furred.memorial,available,54.98,64.98,medium,low,6,namecheap,,,18/08/2026 18:52
ebf8d606-28c0-4933-8767-0c8376d0fe44,apex.memorial,available,52.99,52.99,high,medium,4,namesilo,,,19/09/2026 16:45
49741535-ebf1-4123-8368-c5e47c06a6ee,aculea.memorial,available,52.99,52.99,low,low,6,namesilo,,,17/09/2026 05:32
852e81df-0145-410c-ad53-4f2a75091c05,vanadium.memorial,available,52.99,52.99,medium,low,8,namesilo,,,20/09/2026 22:37
a73e5496-b8da-4057-942e-0d6d8cb4a540,graven.memorial,available,52.99,52.99,medium,low,6,namesilo,,,17/08/2026 07:43
00b4f69d-c175-4132-838b-fafd22cb52ea,manuel.memorial,available,52.99,52.99,high,low,6,namesilo,,,25/09/2026 15:00
27785cf6-5bc0-4ce4-8c5e-8b04d1bbad49,coupling.memorial,available,43.02,43.02,high,low,8,dynadot,,,30/09/2026 16:49
3f2f3304-4989-425d-9be4-1012df772fc7,tolstoy.memorial,available,40.2,40.2,medium,low,7,cloudflare,,,01/10/2026 01:34
029cdd40-b064-4cb8-806c-1916efc00290,slay.memorial,available,52.99,52.99,medium,low,4,namesilo,,,04/09/2026 00:55
4927aec0-e7e4-45bb-b33d-59e42e7e48d7,aneroid.memorial,available,52.99,52.99,medium,low,7,namesilo,,,
134200c0-2127-4032-a57a-0c424257b350,antinomy.memorial,available,52.99,52.99,medium,low,8,namesilo,,,19/09/2026 14:49
94f512c8-20ad-42f8-af43-9ea77034a895,noodles.memorial,available,41.6,41.6,medium,low,7,spaceship,,,28/09/2026 17:23
11e3ed61-8a8c-483a-82d9-23b8b417f3a2,splendid.memorial,available,52.99,52.99,high,low,8,namesilo,,,17/08/2026 16:04
15f6ae9c-4f8d-4894-b7ef-1a4cb7d3e528,uranium.memorial,available,52.99,52.99,high,low,7,namesilo,,,21/09/2026 00:11
6bdbfad9-070d-4ae2-a620-186bcbc318b4,xcv.memorial,available,54.98,64.98,medium,low,3,namecheap,,,
77d81630-7efe-4928-b7ee-1b9614bb3e91,settlers.memorial,available,41.6,41.6,medium,low,8,spaceship,,,30/09/2026 06:58
105da6e8-f002-4736-a0c4-149de8089a31,okay.memorial,available,52.99,52.99,high,low,4,namesilo,,,22/09/2026 01:07
9f014fc5-88ed-487f-919a-8248d9d6763c,minority.memorial,available,41.6,41.6,high,low,8,spaceship,,,28/09/2026 14:53
c14ba4b0-e140-4382-80f3-29154a6d16ea,hardcover.memorial,available,52.99,52.99,high,low,9,namesilo,,,21/08/2026 00:44
d343a606-cebb-43e2-ad43-8124b7c924b7,motorsports.memorial,available,54.98,64.98,high,low,11,namecheap,,,17/09/2026 11:52
eb6449bf-6ee4-4d1e-8e1d-6292f13fc7ff,birthplace.memorial,available,54.98,64.98,high,low,10,namecheap,,,23/09/2026 21:18
6e4277b3-a764-4b07-922d-791f43369a12,prodigally.memorial,available,52.99,52.99,low,low,10,namesilo,,,15/09/2026 21:38
75db46d7-4681-497f-b1c2-4bf61c0c9aa6,pete.memorial,available,52.99,52.99,high,low,4,namesilo,,,
fcde0f03-01db-4fa3-b799-0b1c2b6b216b,habit.memorial,available,52.99,52.99,high,low,5,namesilo,,,25/09/2026 05:00
95ef39cf-188f-4133-90de-4ecc7b299ef8,kitten.memorial,available,52.99,52.99,high,low,6,namesilo,,,29/09/2026 07:25
2ca7737a-fd96-4133-a6a9-36d0ac4aaf7c,cations.memorial,available,40.2,40.2,low,low,7,cloudflare,,,28/09/2026 23:14
f2a28ea1-af13-4599-964e-dcad27be0d45,ambulances.memorial,available,52.99,52.99,medium,low,10,namesilo,,,21/09/2026 07:02
2c470149-8a0b-4a43-994d-d492a08459e8,avionics.memorial,available,52.99,52.99,high,low,8,namesilo,,,21/09/2026 09:35
8135461d-ae08-4f6e-abf0-ab8d1dd63249,formalized.memorial,available,52.99,52.99,medium,low,10,namesilo,,,18/08/2026 12:03
b2e3e3df-42eb-4ed2-9829-39f005097038,trasimeno.memorial,available,52.99,52.99,medium,low,9,namesilo,,,22/09/2026 16:12
e3584313-9865-4e39-a2a5-58a7d6714807,dynamic.memorial,available,52.99,52.99,high,low,7,namesilo,,,24/09/2026 12:41
3f609253-f987-4f55-998d-6b062b708020,ropeway.memorial,available,52.99,52.99,medium,low,7,namesilo,,,17/09/2026 12:50
995ac570-ecf6-4325-b6aa-7f4fd4a2f2e2,unweaned.memorial,available,52.99,52.99,low,low,8,namesilo,,,12/09/2026 22:29
12bae214-6d07-4140-90e8-21e020c79e91,antefix.memorial,available,54.98,64.98,medium,low,7,namecheap,,,19/09/2026 12:49
10b8e409-af34-4a8a-8567-753216772b41,arawn.memorial,available,52.99,52.99,medium,low,5,namesilo,,,20/09/2026 00:29
e2714ae9-8be3-4d0e-b7dc-d07aa1e40c3b,fitzgerald.memorial,available,52.99,52.99,high,low,10,namesilo,,,25/09/2026 05:15
fd2d57e5-ed8a-49da-a344-1f88c1d084cf,tedious.memorial,available,52.99,52.99,medium,low,7,namesilo,,,23/09/2026 00:32
077f3156-371c-4026-a045-1b8051216305,repetitive.memorial,available,52.99,52.99,medium,low,10,namesilo,,,22/08/2026 07:14
15138b0f-12ef-4181-9a46-5631dbf1aa0f,perforated.memorial,available,52.99,52.99,high,low,10,namesilo,,,08/09/2026 16:52
8ee188cd-33be-432d-ac38-dfb83b7ea27d,withal.memorial,available,54.98,64.98,medium,low,6,namecheap,,,13/09/2026 18:51
4d527e8f-b53d-4627-a928-d10aec200c03,hispanic.memorial,premium,78.54,78.54,high,low,8,namesilo,,,21/08/2026 09:44
3c79f796-6c62-4d24-829c-43121973302d,gratefully.memorial,available,54.98,64.98,medium,low,10,namecheap,,,13/09/2026 20:28
c8f14d7d-33e7-4d77-a27d-ed3b0c6e1742,applejack.memorial,available,54.98,64.98,medium,low,9,namecheap,,,19/09/2026 21:35
23235ae4-15dd-4e04-b478-8efca999f908,mahler.memorial,available,41.6,41.6,medium,low,6,spaceship,,,29/09/2026 01:10
4e7d6ecc-2824-4b14-ad54-2d76009fa959,celluloid.memorial,available,52.99,52.99,high,low,9,namesilo,,,11/08/2026 23:34
a64f167b-1549-4e11-808b-d05930431990,raconteur.memorial,available,52.99,52.99,high,low,9,namesilo,,,19/09/2026 05:14
8df6b367-c382-435b-8b77-bfa3127197b4,practitioner.memorial,available,41.6,41.6,high,low,12,spaceship,,,29/09/2026 14:23
e5d2028b-03fe-4e91-a31c-47e14494ceb5,wideband.memorial,available,52.99,52.99,high,low,8,namesilo,,,13/09/2026 11:50
06a5e14f-f436-44b4-9f31-15cc19cc5499,bottom.memorial,available,52.99,52.99,high,low,6,namesilo,,,09/08/2026 11:50
6f0c04cd-3aa0-454a-9e73-b97cbcab95fb,pound.memorial,available,43.02,43.02,medium,low,5,dynadot,,,29/09/2026 04:26
cd533a6c-e73a-442c-9f14-8fc6d6494435,soundtrack.memorial,available,41.6,41.6,high,low,10,spaceship,,,30/09/2026 18:47
c6740d93-5d78-4f73-951a-7446fc8f57f0,unmeasured.memorial,available,52.99,52.99,medium,low,10,namesilo,,,21/08/2026 20:53
187c68a3-91e1-4791-b439-1093b3f0f4cb,revolution.memorial,available,41.6,41.6,high,low,10,spaceship,,,29/09/2026 21:55
a1226d8e-8e03-47fe-ba08-ef61466b44b2,captured.memorial,available,52.99,52.99,medium,low,8,namesilo,,,27/09/2026 02:07
9a1e6671-23b3-4acf-9cdc-1b5fa3a1de46,harvest.memorial,available,52.99,52.99,high,low,7,namesilo,,,24/09/2026 19:41
6db1ad8e-606e-4f07-8864-8eb7ead3eaf8,coroner.memorial,available,41.6,41.6,medium,low,7,spaceship,,,28/09/2026 09:27
379e69e7-cb7c-4449-9a78-4815df7449e3,gestapo.memorial,available,43.02,43.02,medium,low,7,dynadot,,,29/09/2026 12:44
b0e685f3-ca46-4d66-993e-63def47d7b75,immovable.memorial,available,54.98,64.98,medium,low,9,namecheap,,,21/08/2026 21:17
9c1edc1e-7b43-4864-a835-bd8a3fe74b22,thousandth.memorial,available,52.99,52.99,high,low,10,namesilo,,,
29e02596-219b-497b-a452-0c81567bf0ea,thundering.memorial,available,52.99,52.99,high,low,10,namesilo,,,11/09/2026 15:14
6e69d629-e3a8-4c5d-9af0-98467e1c5dc3,nullified.memorial,available,52.99,52.99,medium,low,9,namesilo,,,22/08/2026 08:56
8d73ecba-2878-4073-8671-85b59e9d2057,sorely.memorial,available,52.99,52.99,medium,low,6,namesilo,,,16/09/2026 05:13
ccfb4c94-4d51-4662-b5b4-40b32667061d,wrote.memorial,available,52.99,52.99,medium,low,5,namesilo,,,
9eef7973-5da8-4fe9-9bf6-99050ac05135,adapter.memorial,available,52.99,52.99,high,low,7,namesilo,,,17/09/2026 06:30
6be72942-14c7-4aeb-8f80-16b18259180e,glaucous.memorial,available,52.99,52.99,medium,low,8,namesilo,,,20/08/2026 14:16
ceb71293-644e-468b-abfc-7a5002d4591f,corners.memorial,available,52.99,52.99,low,low,7,namesilo,,,28/09/2026 08:44
c92e2795-54e3-4d4c-8046-f9f4b20f17a3,merge.memorial,available,52.99,52.99,high,low,5,namesilo,,,29/09/2026 01:02
146a0c3d-458c-48bd-906f-c9f10f99ed54,descendant.memorial,available,52.99,52.99,high,low,10,namesilo,,,14/08/2026 03:14
52778512-650d-4dc7-8329-f91126c897ca,apse.memorial,available,54.98,64.98,high,low,4,namecheap,,,19/09/2026 22:33
09acfd3f-4f8e-4a2e-a276-423cf3323dbd,awn.memorial,available,52.99,52.99,high,low,3,namesilo,,,21/09/2026 10:11
45db82c4-70cc-480b-9f10-b9be0b6b3b21,entertaining.memorial,available,52.99,52.99,high,low,12,namesilo,,,28/09/2026 07:00
ce282659-d6fd-42ca-ac34-67aee8a548bd,jonathan.memorial,available,52.99,52.99,high,low,8,namesilo,,,25/09/2026 08:03
13072743-40fd-4a84-a340-5e149d0fea11,bier.memorial,available,54.98,64.98,high,low,4,namecheap,,,23/09/2026 13:47
627f573d-9179-4d02-a9e0-4dcebdbd33a2,martyr.memorial,available,54.98,64.98,high,low,6,namecheap,,,29/09/2026 13:23
b0b1ea43-93dc-4519-8b56-e23856c34342,fogy.memorial,available,52.99,52.99,medium,low,4,namesilo,,,18/08/2026 13:08
efe88f85-65df-4552-9b0f-d3896f826be1,bragging.memorial,available,52.99,52.99,medium,low,8,namesilo,,,11/08/2026 00:54
634cac99-7de9-4b6b-b1ec-2b64c39ade88,buster.memorial,available,41.6,41.6,medium,low,6,spaceship,,,29/09/2026 00:10
d28bba05-ff11-47ad-bb69-dcea94041c42,bitumen.memorial,available,52.99,52.99,medium,low,7,namesilo,,,23/09/2026 23:13
cea3543f-8e28-4bea-9f7f-267f15fe879b,crack.memorial,available,52.99,52.99,high,low,5,namesilo,,,
0587b6fe-be00-449e-b40c-001ccaae9a2f,negotiation.memorial,available,41.6,41.6,high,low,11,spaceship,,,30/09/2026 19:24
bae15ed3-ea75-4641-a439-dc5a3df535cc,rights.memorial,available,52.99,52.99,medium,low,6,namesilo,,,17/09/2026 03:52
a27422de-5f4c-49dc-9893-f65759802f55,triplex.memorial,available,52.99,52.99,medium,low,7,namesilo,,,11/09/2026 11:51
7fcca31a-7b20-4f3b-b042-f744d2efbf3f,nonlethal.memorial,available,52.99,52.99,high,low,9,namesilo,,,03/09/2026 19:40
4d16e9f5-9876-4dc5-adaf-0016e114f4dd,bathsheba.memorial,available,52.99,52.99,medium,low,9,namesilo,,,22/09/2026 13:52
029b2882-16c3-4789-83b3-67e395b9797d,dysphoric.memorial,available,52.99,52.99,medium,low,9,namesilo,,,14/08/2026 22:07
6fa93d40-0b6e-4dfd-b086-561e715e8eb9,crucified.memorial,available,41.6,41.6,medium,low,9,spaceship,,,30/09/2026 06:13
0ad92e72-1009-4f96-ba9c-cc2675244229,destiny.memorial,available,41.6,41.6,high,low,7,spaceship,,,29/09/2026 09:18
a2155e6b-beb6-4f6d-992b-80d57d6e11f7,sash.memorial,available,79.99,79.99,high,low,4,godaddy,,,01/10/2026 01:27
edd50dda-5261-4747-be36-8e5494a18e5b,aldehyde.memorial,available,52.99,52.99,high,low,8,namesilo,,,18/09/2026 04:24
22e3ff68-08ca-4222-9cbb-582bbf08be40,ascendency.memorial,available,52.99,52.99,high,low,10,namesilo,,,20/09/2026 13:06
f30b53af-d93a-4057-871f-653c9e486cf2,glial.memorial,available,52.99,52.99,medium,low,5,namesilo,,,20/08/2026 14:24
a2c32333-9b49-4d7a-b8b3-ea718388abee,quaternion.memorial,available,52.99,52.99,medium,low,10,namesilo,,,
5234e0f1-d5aa-47f6-815a-21b9c0d20c9a,inertial.memorial,available,52.99,52.99,medium,low,8,namesilo,,,22/08/2026 03:59
0a0f4d2e-1ff8-4145-aae3-6362ab79d101,hera.memorial,available,52.99,52.99,high,low,4,namesilo,,,01/10/2026 02:29
6c748b51-fbb9-4a2c-aba7-b609123d6a2b,factitious.memorial,available,54.98,64.98,medium,low,10,namecheap,,,17/08/2026 20:27
f6351aee-6f3f-4035-9505-4f16d501c5f6,archetype.memorial,available,52.99,52.99,high,low,9,namesilo,,,20/09/2026 02:02
8271af74-6d2e-4553-b3d5-6a6b91b54125,projecting.memorial,available,52.99,52.99,high,low,10,namesilo,,,22/08/2026 14:48
66cf16ee-44ea-4da0-9262-c7c49bde8560,dues.memorial,available,64.99,65.99,high,low,4,name.com,,,19/09/2026 19:46
75abe628-a5d8-42fe-b558-fd2d9f1bf1ab,susanna.memorial,available,41.6,41.6,high,low,7,spaceship,,,28/09/2026 01:02
fb00c5da-d5ea-474b-bbab-7274be222497,milking.memorial,available,41.6,41.6,high,low,7,spaceship,,,30/09/2026 23:01
10bb117d-7a3f-4492-9825-fd9cbb3ad3fe,solicit.memorial,available,41.6,41.6,high,low,7,spaceship,,,27/09/2026 16:11
80db40d4-1432-4c4a-bb88-8925f3f637f7,special.memorial,premium,242,242,high,low,7,namesilo,,,27/09/2026 06:34
62053520-602d-455a-905f-3161668896e7,chihuahua.memorial,available,54.98,64.98,high,low,9,namecheap,,,24/09/2026 14:33
5bf0c778-d46e-4bf5-8412-02a1f2ef20ff,beaker.memorial,available,54.98,64.98,high,low,6,namecheap,,,22/09/2026 19:45
d80ebae6-42e7-48c0-a3cb-98eab9dd1d52,masoud.memorial,available,54.98,64.98,medium,low,6,namecheap,,,17/09/2026 20:25
a89c75e9-f987-477f-a271-c6f3ea700143,crybaby.memorial,available,52.99,52.99,medium,low,7,namesilo,,,23/09/2026 06:47
e3dfb156-dda3-4e5a-b6e9-8ca4fcf356e2,electricity.memorial,available,40.2,40.2,high,low,11,cloudflare,,,28/09/2026 07:43
df0f4455-19bc-4186-88c7-e43b8c149851,goldilocks.memorial,available,52.99,52.99,high,low,10,namesilo,,,20/09/2026 17:03
880d622e-7149-42dd-9c81-ed3f7b2c3d4f,menu.memorial,available,52.99,52.99,high,medium,4,namesilo,,,29/09/2026 02:40
e0d20dd2-7b08-42d7-bcce-8a985adf5d41,latex.memorial,available,52.99,52.99,high,low,5,namesilo,,,29/09/2026 13:16
5315eed4-3fb9-4b31-8db6-79b0aef17f56,disruptive.memorial,available,52.99,52.99,medium,low,10,namesilo,,,28/09/2026 07:50
229a1a16-0a07-44fa-958d-5ba3e4bda2c6,lymphatic.memorial,available,52.99,52.99,medium,low,9,namesilo,,,24/08/2026 12:33
f44ecaa3-a8ff-4610-9e5e-a8446a0e2e41,uniforms.memorial,available,52.99,52.99,medium,low,8,namesilo,,,28/09/2026 00:32
518c2380-ab7f-4945-b6e5-a6c2d2a06c2a,berretta.memorial,available,52.99,52.99,medium,low,8,namesilo,,,23/09/2026 10:07
506ba302-5305-427b-836d-b5dfb71b7a29,agrippa.memorial,available,54.98,64.98,medium,low,7,namecheap,,,17/09/2026 19:32
bb1b9d6e-6e7a-41c9-9211-69a0ecc5005a,grenoble.memorial,available,54.98,64.98,medium,low,8,namecheap,,,28/09/2026 19:22
a818ef45-c2f7-4793-aff4-4e2999e99c4d,bagpipe.memorial,available,54.98,64.98,high,low,7,namecheap,,,21/09/2026 18:26
61f282e4-f7a2-4408-9a4b-ddff197dd71f,seeks.memorial,available,41.6,41.6,medium,low,5,spaceship,,,28/09/2026 23:37
ff45524e-e729-40c8-97e2-792e12206bb6,julia.memorial,available,54.98,64.98,high,low,5,namecheap,,,25/09/2026 19:23
69f2af0d-6539-4654-bbf2-ba83077f1210,prof.memorial,available,41.6,41.6,high,low,4,spaceship,,,28/09/2026 20:15
a795e10c-6b78-4f07-bcd7-68278f62f0be,hollow.memorial,available,52.99,52.99,high,low,6,namesilo,,,21/08/2026 10:31
9afad756-1110-4230-bf1f-06f1680db907,adaptation.memorial,available,52.99,52.99,high,low,10,namesilo,,,17/09/2026 06:27
d2be28a4-636f-4f8a-9719-cb5ac2b5a107,ransacked.memorial,available,52.99,52.99,medium,low,9,namesilo,,,24/08/2026 09:49
369ef9a7-d6dc-4988-9de0-fb1bde3a312d,influenced.memorial,available,52.99,52.99,high,low,10,namesilo,,,
536b61f5-26f3-4a74-a7a3-66913dd515e5,dauntless.memorial,available,52.99,52.99,high,low,9,namesilo,,,22/09/2026 12:12
0ddde55f-f7ce-4722-8d77-416a59b53cb8,demographics.memorial,available,52.99,52.99,high,low,12,namesilo,,,30/09/2026 06:26
70cfa74a-2e61-4395-b4a7-8ccb23392231,installation.memorial,available,54.98,64.98,high,low,12,namecheap,,,29/09/2026 04:43
0c9d4113-c910-41b9-b5bf-036ab02645d6,myra.memorial,available,41.6,41.6,medium,low,4,spaceship,,,28/09/2026 22:02
095b8ca8-d64c-403e-9a7d-d2e04a60f560,latitude.memorial,available,41.6,41.6,high,low,8,spaceship,,,30/09/2026 02:08
cb1d1831-9437-4350-939c-d08864b6fbf2,cxx.memorial,available,52.99,52.99,high,low,3,namesilo,,,
b845cd2e-a7ee-426c-baf8-e9465cb83927,knapsack.memorial,available,54.98,64.98,high,low,8,namecheap,,,21/09/2026 14:39
e3057b46-6d4b-48a3-8eb8-3e1716a4ee9b,puzzles.memorial,available,64.99,65.99,medium,low,7,name.com,,,18/09/2026 10:35
575b6407-12f1-4f70-b43f-b507ee00576f,doob.memorial,available,54.98,64.98,medium,low,4,namecheap,,,21/09/2026 18:37
09778d4d-5cf0-4c22-9961-6bd0ad05a0a6,torment.memorial,available,54.98,64.98,high,low,7,namecheap,,,14/08/2026 21:14
f1ab8597-aafb-44ad-864d-68431646e219,edson.memorial,available,52.99,52.99,medium,low,5,namesilo,,,30/09/2026 05:36
463a882f-806f-4b80-807c-3fbb35139b16,chengdu.memorial,available,52.99,52.99,medium,low,7,namesilo,,,30/09/2026 04:52
8c19fe9c-d655-4e7b-8807-71c35a627f1d,stanley.memorial,available,52.99,52.99,high,low,7,namesilo,,,25/09/2026 06:08
88d7b4f7-9c47-42f0-b8be-d1efffbeca36,pure.memorial,available,52.99,52.99,high,medium,4,namesilo,,,27/09/2026 08:17
9ba8e420-8703-43d9-a899-2c2f6f0c3bc8,riggs.memorial,available,52.99,52.99,medium,low,5,namesilo,,,28/09/2026 08:07
656f2ded-9c68-464a-9562-99158951f0e7,deadpan.memorial,available,64.99,65.99,medium,low,7,name.com,,,13/08/2026 19:37
aee9e088-048f-4b72-a284-2ef4306628db,exec.memorial,available,40.2,40.2,high,low,4,cloudflare,,,29/09/2026 18:26
8d2f5d64-aa5f-4330-bec3-76eea9ef6f4f,raffish.memorial,available,64.99,65.99,medium,low,7,name.com,,,13/08/2026 17:31
e7371bda-93c8-4c4f-a59d-9ad82b86abe0,aging.memorial,available,52.99,52.99,high,low,5,namesilo,,,21/09/2026 22:40
bdfe0150-af0e-479b-82a5-d6c9916c7ba6,lemon.memorial,available,54.98,64.98,high,medium,5,namecheap,,,29/09/2026 09:32
1cfcca0e-fe70-4c4a-be75-5b831093dec4,cashable.memorial,available,54.98,64.98,medium,low,8,namecheap,,,11/08/2026 20:12
2157763b-b977-4063-94a7-a8ab4001f6bc,upper.memorial,available,40.2,40.2,high,low,5,cloudflare,,,28/09/2026 09:57
b7d92956-754a-4ff3-a8dc-00c22fc08639,antagonism.memorial,available,52.99,52.99,medium,low,10,namesilo,,,19/09/2026 12:27
c79cbd9a-3fd7-4767-8282-1dba07207882,impulses.memorial,available,41.6,41.6,medium,low,8,spaceship,,,30/09/2026 14:13
6b98374d-f037-430f-959c-f3a3122cc16b,lactating.memorial,available,54.98,64.98,medium,low,9,namecheap,,,22/08/2026 18:18
496cb302-5389-4707-ab5d-269101ea1ba3,thief.memorial,available,41.6,41.6,high,low,5,spaceship,,,30/09/2026 11:55
c8317f7d-9ed7-436f-b7f9-7a0f9a2f7003,bulletin.memorial,available,54.98,64.98,high,low,8,namecheap,,,24/09/2026 11:08
ab490d67-6167-42ff-867c-85303c1cf5f8,xxxvii.memorial,available,52.99,52.99,medium,low,6,namesilo,,,
bed788f9-7888-4b17-bae3-b6a034dbea34,conscientious.memorial,available,41.6,41.6,high,low,13,spaceship,,,30/09/2026 19:32
39f976a8-e24c-495c-814f-f6dcd0a0a24b,topping.memorial,available,52.99,52.99,high,low,7,namesilo,,,11/09/2026 17:36
312da3a2-5a4f-4fd3-90a2-be6ce685b5db,well.memorial,available,54.98,64.98,high,low,4,namecheap,,,24/09/2026 22:39
9f4e7cc9-6e11-44e9-8a24-06091ff948f9,singular.memorial,available,52.99,52.99,high,low,8,namesilo,,,13/08/2026 11:18
fff5cf3f-12aa-41e8-ba70-6ada7d4b18e3,someplace.memorial,available,52.99,52.99,high,low,9,namesilo,,,16/09/2026 04:51
c8bb898f-f915-42e5-91e4-dff71ad280a7,derek.memorial,available,52.99,52.99,high,low,5,namesilo,,,25/09/2026 14:10
5e4a864a-c849-494f-a68f-4796e3f3d036,macabre.memorial,available,52.99,52.99,medium,low,7,namesilo,,,18/08/2026 23:19
42d8a3d7-ff15-4664-afa6-4f11affe00be,crabby.memorial,available,52.99,52.99,medium,low,6,namesilo,,,08/08/2026 07:43
acb3b1c2-5419-4ae6-bf22-9532f464bded,towns.memorial,available,52.99,52.99,high,low,5,namesilo,,,28/09/2026 07:32
49984014-dfdb-4aa2-a556-3e2f31213f6a,undertaker.memorial,available,52.99,52.99,high,low,10,namesilo,,,30/09/2026 09:51
275e6a52-f14e-44d7-b580-846705270551,positively.memorial,available,54.98,64.98,high,low,10,namecheap,,,15/09/2026 21:03
9adadff1-fd1e-46d1-81bb-4b2c028e638a,methods.memorial,available,52.99,52.99,medium,low,7,namesilo,,,28/09/2026 04:33
a4a98115-e6a6-4cad-8018-4e5a049091a2,ended.memorial,available,52.99,52.99,high,low,5,namesilo,,,
2754b92f-be86-4058-9ca7-dfaf71657327,tickle.memorial,available,52.99,52.99,high,low,6,namesilo,,,11/09/2026 15:31
2aee1a5b-325c-4fce-8e47-cd0800fd8c9f,conference.memorial,available,41.6,41.6,high,low,10,spaceship,,,29/09/2026 10:52
007c93c5-0204-441e-835a-8e61f5a7228b,stripy.memorial,available,52.99,52.99,medium,low,6,namesilo,,,10/09/2026 22:46
b452a391-74f6-4124-aa46-dbc8e6c7541f,cryptical.memorial,available,52.99,52.99,medium,low,9,namesilo,,,11/08/2026 12:19
8acae72d-9536-43b2-a67d-0760ede9bf87,cases.memorial,available,52.99,52.99,medium,low,5,namesilo,,,17/09/2026 16:31
768971c5-251d-425c-8a8e-70856f96a795,artifice.memorial,available,52.99,52.99,high,low,8,namesilo,,,20/09/2026 11:34
0b98b17b-ff5a-4c13-9d84-77bb42e15f51,orpin.memorial,available,52.99,52.99,medium,low,5,namesilo,,,24/08/2026 08:00
23513744-21c0-421b-829a-0891adff4608,yielding.memorial,available,52.99,52.99,high,low,8,namesilo,,,13/09/2026 14:36
2a230365-36ed-4a90-b902-68dfa1a55e66,behaving.memorial,available,54.98,64.98,high,low,8,namecheap,,,30/09/2026 04:04
d9503b77-25d3-46ab-b276-22d87045ed81,manufacture.memorial,available,41.6,41.6,high,low,11,spaceship,,,28/09/2026 21:00
ac7e1da3-9c00-47b6-8629-dffe2d245efd,specify.memorial,available,41.6,41.6,high,low,7,spaceship,,,29/09/2026 20:40
c81e0d48-4074-4df8-bcf9-d8b9a93cb57e,witching.memorial,available,52.99,52.99,high,low,8,namesilo,,,13/09/2026 12:46
7d718eee-85c7-4c73-9b09-48931fe8f0d5,closet.memorial,available,52.99,52.99,high,low,6,namesilo,,,24/09/2026 15:59
7934eaf9-68f3-4152-9521-568354d1d3b8,rabbi.memorial,available,52.99,52.99,high,low,5,namesilo,,,28/09/2026 15:11
0ffe26c1-a31e-45fe-acce-934156041317,courtship.memorial,available,43.02,43.02,high,low,9,dynadot,,,29/09/2026 18:31
ab7f2d89-4276-4c39-b61b-93e37712ebe5,newbie.memorial,available,54.98,64.98,high,low,6,namecheap,,,24/09/2026 19:51
8c7b9dbd-c0a2-44f6-b901-27d8cb5cc545,salamanca.memorial,available,41.6,41.6,medium,low,9,spaceship,,,28/09/2026 16:27
16faaef6-2778-411b-8784-c8bfaea7f440,immature.memorial,available,52.99,52.99,medium,low,8,namesilo,,,21/08/2026 20:52
39fb410e-498e-4ae2-befe-186de49a4e68,catania.memorial,available,52.99,52.99,medium,low,7,namesilo,,,29/09/2026 23:03
01ee22c6-c69b-44ed-b3e1-2ef7b4e8790f,rodgers.memorial,available,52.99,52.99,high,low,7,namesilo,,,25/09/2026 10:22
3f73cf27-2dd5-4cbf-8dae-5638c3c45784,lifeless.memorial,available,52.99,52.99,medium,low,8,namesilo,,,17/08/2026 15:52
26d25170-5545-4e07-9dc1-31bf0105f2d3,transition.memorial,available,41.6,41.6,high,low,10,spaceship,,,28/09/2026 09:22
2f4656e2-807e-4f1c-9cff-f51d02bcc188,barbecues.memorial,available,52.99,52.99,medium,low,9,namesilo,,,21/09/2026 08:34
8b87184c-70dc-4047-971c-fc61eaae1153,combo.memorial,available,52.99,52.99,high,low,5,namesilo,,,30/09/2026 09:14
44c2a6db-f3a6-426b-bd7c-ab080cb043a0,amenable.memorial,available,54.98,64.98,high,low,8,namecheap,,,22/09/2026 04:02
b2756743-cf0e-4153-9fe9-80cf5503b4c9,inflatable.memorial,available,52.99,52.99,high,low,10,namesilo,,,22/08/2026 04:29
57256906-b4e4-417c-8e60-7d0782db9f28,arquebus.memorial,available,52.99,52.99,medium,low,8,namesilo,,,20/09/2026 08:40
a6405e1f-f4ea-4050-8cee-6339b23ec502,xxvii.memorial,available,52.99,52.99,medium,low,5,namesilo,,,
1221be34-2145-4616-b5da-f3a6ee146240,minden.memorial,available,54.98,64.98,medium,low,6,namecheap,,,22/09/2026 15:29
bd9ba7b5-dbdd-4485-a2b4-6b3b254e6c7d,fresnel.memorial,available,52.99,52.99,high,low,7,namesilo,,,21/09/2026 04:00
ad545500-1a19-4cb6-8c8d-3fc775690402,legislation.memorial,available,52.99,52.99,high,low,11,namesilo,,,30/09/2026 06:03
347c440e-6eb5-49c6-8ec2-cf386146dcd9,dyadic.memorial,available,52.99,52.99,medium,low,6,namesilo,,,14/08/2026 21:52
4a5d5844-abe6-40d0-a8ea-9ec6304081dc,disorders.memorial,available,54.98,64.98,medium,low,9,namecheap,,,20/09/2026 00:40
272c8ef6-4831-4104-8713-5c980a5603ec,vestibular.memorial,available,52.99,52.99,medium,low,10,namesilo,,,13/09/2026 04:52
f5853b54-7c65-42f4-8694-540825fdd9e8,smart.memorial,available,41.6,41.6,high,medium,5,spaceship,,,30/09/2026 14:09
f8fd71fc-57d8-440b-bcb7-0ea2f07ac530,deductive.memorial,available,52.99,52.99,medium,low,9,namesilo,,,13/08/2026 22:29
164063bb-52a3-4a58-b720-b18ba5489180,raiser.memorial,available,64.99,65.99,medium,low,6,name.com,,,17/09/2026 19:22
16b6e929-405a-4c01-8f7d-0d2354c6e031,outing.memorial,available,40.2,40.2,high,low,6,cloudflare,,,29/09/2026 18:23
1d3b3c10-e585-437f-a6d7-263e37a55073,odorous.memorial,available,52.99,52.99,medium,low,7,namesilo,,,04/09/2026 00:54
eb048383-210b-484b-a5fc-442abb5a1e67,robeson.memorial,available,52.99,52.99,medium,low,7,namesilo,,,29/09/2026 13:40
a73a2707-c21a-4d63-9f7f-3783f8244a1a,bilirubin.memorial,available,52.99,52.99,medium,low,9,namesilo,,,23/09/2026 15:56
710d9d97-ba05-4555-aa31-78f178deb1e5,cva.memorial,available,54.98,64.98,medium,low,3,namecheap,,,19/09/2026 19:12
a6dabe05-27f3-448b-8909-e6e782ff7224,convene.memorial,available,41.6,41.6,high,low,7,spaceship,,,30/09/2026 17:58
35207f6f-42a2-4124-9087-df6e4b7e1d5b,fortune.memorial,available,41.6,41.6,high,low,7,spaceship,,,29/09/2026 09:17
40f1f2f7-ff2b-46bd-a174-06ee406881ac,tongues.memorial,available,52.99,52.99,medium,low,7,namesilo,,,18/09/2026 07:52
d8e09db8-47b6-4e0b-b112-2050bec5a054,undeniable.memorial,available,52.99,52.99,high,low,10,namesilo,,,12/09/2026 07:15
42f7e7ad-1378-4678-93b5-8ce711ca5444,mainly.memorial,available,41.6,41.6,medium,low,6,spaceship,,,28/09/2026 13:52
773a4852-ff4b-49ca-8928-dcf82ae9a0a3,logrolling.memorial,available,54.98,64.98,medium,low,10,namecheap,,,23/09/2026 20:50
40210330-fa61-4dc0-b5c6-9d92d436fb98,heard.memorial,available,52.99,52.99,high,low,5,namesilo,,,24/09/2026 23:38
629e299f-78f6-40c3-9dcc-037207d4b601,sharper.memorial,available,54.98,64.98,high,low,7,namecheap,,,30/09/2026 00:58
0911ed06-5afc-4652-8768-08d326ae39cc,corner.memorial,available,40.2,40.2,high,low,6,cloudflare,,,29/09/2026 11:37
1ac987c9-915f-40a0-89b3-2a547f394528,adhesive.memorial,available,52.99,52.99,high,low,8,namesilo,,,
e73093b1-300e-4bb2-9ba7-70b32746626f,brick.memorial,available,52.99,52.99,high,low,5,namesilo,,,27/09/2026 11:59
025745be-e1b2-4348-bf59-bbd23f609a64,alternator.memorial,available,52.99,52.99,medium,low,10,namesilo,,,18/09/2026 14:48
eb8359c7-6025-47ec-b607-f584077af7a3,spherical.memorial,available,52.99,52.99,high,low,9,namesilo,,,08/08/2026 10:21
1ace1d56-48e6-48e3-abd9-1ac0e2279d5e,slavonic.memorial,available,52.99,52.99,high,low,8,namesilo,,,10/09/2026 10:34
3c691118-6179-40b9-87ad-ac541bd3de40,journey.memorial,available,40.2,40.2,high,medium,7,cloudflare,,,30/09/2026 00:58
ac52d9ef-ae96-48cd-92ef-30feaf30925e,retirement.memorial,available,41.6,41.6,high,low,10,spaceship,,,30/09/2026 10:06
ebacb7b9-06de-4507-a336-d90a582b44d1,projection.memorial,available,52.99,52.99,high,low,10,namesilo,,,22/08/2026 14:54
969793c5-5968-4c5a-853d-061f45109a99,diagnosed.memorial,available,41.6,41.6,medium,low,9,spaceship,,,28/09/2026 23:36
27e0375a-e8a9-4276-b1c2-06c70f562437,paralytic.memorial,available,52.99,52.99,medium,low,9,namesilo,,,08/09/2026 00:57
45bc3be0-c9cc-40bd-9e04-79a60c7fbe47,fizzing.memorial,available,52.99,52.99,medium,low,7,namesilo,,,18/08/2026 06:02
3d3b3e90-f477-4848-b1d5-27dfca8f6fbc,curtly.memorial,available,52.99,52.99,medium,low,6,namesilo,,,14/09/2026 10:10
ef686e4e-09e8-4075-866e-1c7a8e5c38f8,palmatifid.memorial,available,52.99,52.99,medium,low,10,namesilo,,,05/09/2026 00:03
460655c6-2d5b-4262-8388-b269c2d47bc7,flashes.memorial,available,41.6,41.6,medium,low,7,spaceship,,,29/09/2026 10:47
fb8f5adc-9de8-4274-89eb-edf42b5e7e44,atv.memorial,premium,54.36,108.6,high,low,3,porkbun,,,29/09/2026 21:49
53906b55-7f10-47e1-966b-766ed291cb65,eventually.memorial,available,52.99,52.99,high,low,10,namesilo,,,14/09/2026 16:32
02c50f5c-585c-4704-8117-55acdae5753d,properly.memorial,available,54.98,64.98,medium,low,8,namecheap,,,13/08/2026 21:12
d9e37bc6-983e-492a-9f90-ddd1302b2b36,binds.memorial,available,79.99,79.99,low,low,5,godaddy,,,01/10/2026 00:28
7c0ef3a4-2f51-45e4-b122-41021d29ca80,septenary.memorial,available,52.99,52.99,medium,low,9,namesilo,,,
54cc4b32-7755-433a-b0c8-6fa2c5797cda,clements.memorial,available,41.6,41.6,high,low,8,spaceship,,,30/09/2026 13:46
80e39af2-fea5-4c73-821d-d36346801628,riddled.memorial,available,52.99,52.99,medium,low,7,namesilo,,,09/09/2026 17:19
c38d1a1b-18c8-43c3-9a91-ea5d19e8e638,glossary.memorial,available,40.2,40.2,high,low,8,cloudflare,,,29/09/2026 20:53
1d0926d1-10ad-4756-b813-44d8df2d9d75,appreciated.memorial,available,41.6,41.6,high,low,11,spaceship,,,28/09/2026 07:22
a8fc0670-8dbc-4401-90d7-b3b78cc89f70,trojan.memorial,available,54.98,64.98,high,low,6,namecheap,,,11/09/2026 20:17
4b8a28c1-fad0-491b-9283-5d3e07efe954,alluvion.memorial,available,54.98,64.98,medium,low,8,namecheap,,,18/09/2026 12:21
93d087e8-67e8-4514-a7cd-6ddf7a079a47,breastfeed.memorial,available,52.99,52.99,high,low,11,namesilo,,,
352e48be-27ab-4d5e-9f7c-e09ae38d61b8,blush.memorial,available,52.99,52.99,high,low,5,namesilo,,,13/08/2026 06:32
8d16f84e-d114-4ee3-b4a2-96ba242151ac,deflation.memorial,available,41.71,41.71,medium,low,9,porkbun,,,29/09/2026 13:36
d665f370-4e30-45b0-9d66-8fdf7a7473c1,regulars.memorial,available,41.6,41.6,medium,low,8,spaceship,,,30/09/2026 15:46
098f77db-c8f5-4995-b3bd-345d6ab6f494,bellow.memorial,available,52.99,52.99,medium,low,6,namesilo,,,23/09/2026 06:17
0de96e93-bc90-4a43-a6c6-1bbebebd0194,browbeat.memorial,available,52.99,52.99,medium,low,8,namesilo,,,11/08/2026 08:53
b0a06fd5-0ec4-476f-8224-2b739476a975,calando.memorial,available,52.99,52.99,medium,low,7,namesilo,,,11/08/2026 13:34
79ae929b-362c-4957-b3e9-3b3179f5f25c,eliminated.memorial,available,41.6,41.6,medium,low,10,spaceship,,,28/09/2026 17:04
11ca304d-6998-4113-a1df-6c032ed4a331,ahura.memorial,available,54.98,64.98,medium,low,5,namecheap,,,17/09/2026 20:40
d1b5bc31-6869-4543-afd4-c98acd9841a0,sidney.memorial,available,52.99,52.99,high,low,6,namesilo,,,27/09/2026 05:44
9bf46135-5531-44b6-abfd-4d0f050dbafd,caves.memorial,available,41.6,41.6,medium,low,5,spaceship,,,28/09/2026 13:19
93b796c3-e7e6-4d55-b686-cc22b81fa538,historic.memorial,available,52.99,52.99,high,low,8,namesilo,,,21/08/2026 09:51
c9dacef3-de31-4e28-b378-54fdfcde3239,dominic.memorial,available,52.99,52.99,high,low,7,namesilo,,,27/09/2026 03:45
6e5b0482-a466-4328-9e51-f5537b61db82,socialised.memorial,available,52.99,52.99,medium,low,10,namesilo,,,10/09/2026 13:14
2ce7c9aa-c684-4f80-a925-2a3b1e9b7007,sentiment.memorial,available,52.99,52.99,high,low,9,namesilo,,,28/09/2026 15:00
cdbbd153-0065-4861-8438-e8274a284772,pastor.memorial,available,54.98,64.98,high,low,6,namecheap,,,24/09/2026 20:20
497c88dc-b6e7-40cf-88aa-dc9817e0dd7b,bellboy.memorial,available,52.99,52.99,high,low,7,namesilo,,,23/09/2026 05:55
51289199-173e-4c85-9067-02ef086738d6,corrugated.memorial,available,52.99,52.99,medium,low,10,namesilo,,,13/08/2026 02:13
fb033091-4cf9-42bc-bbcf-1f0da35a31d1,qaeda.memorial,available,52.99,52.99,medium,low,5,namesilo,,,18/09/2026 00:59
4388689c-098a-425b-94fc-13391c7647ec,anorectal.memorial,available,52.99,52.99,medium,low,9,namesilo,,,
80001fbc-fb4a-4a1f-b213-ca80a0b94e94,airmailer.memorial,available,52.99,52.99,medium,low,9,namesilo,,,17/09/2026 23:15
d41b9c2a-8575-4af3-82b8-a7bd30d48114,vladimir.memorial,available,52.99,52.99,high,low,8,namesilo,,,25/09/2026 14:40
0550a12b-360c-42c0-adf5-073373726669,screwy.memorial,available,52.99,52.99,medium,low,6,namesilo,,,10/09/2026 00:08
d5e5265e-a6e0-4d7b-9b74-d42e9ba075b3,nutcase.memorial,available,52.99,52.99,medium,low,7,namesilo,,,13/08/2026 05:36
627a4384-f3c1-4d02-bf56-de3d795a5719,mindfully.memorial,available,52.99,52.99,high,low,9,namesilo,,,13/09/2026 17:29
f745e938-5761-405a-a774-038e6162cf4c,vulpine.memorial,available,52.99,52.99,medium,low,7,namesilo,,,13/09/2026 07:26
b61b0b35-37c1-4284-a991-b7964a618af2,incidents.memorial,available,43.02,43.02,low,low,9,dynadot,,,29/09/2026 05:24
020b7c24-d44d-445f-9f6b-f6c6354369b3,encourage.memorial,available,41.71,41.71,high,low,9,porkbun,,,30/09/2026 19:02
2a53f8f6-1927-49c2-b104-edcc575b3284,advance.memorial,available,54.98,64.98,high,low,7,namecheap,,,21/09/2026 20:22
04b6d454-6f70-431e-bca3-39606bd56298,noted.memorial,available,52.99,52.99,high,low,5,namesilo,,,11/08/2026 23:17
794ce6d4-3ca0-4cad-adb9-9e44b32bb8be,paused.memorial,available,54.98,64.98,medium,low,6,namecheap,,,18/09/2026 02:16
d85b709e-b3e8-4cad-a2c4-3485d22e15c7,redevelopment.memorial,available,41.6,41.6,medium,low,13,spaceship,,,01/10/2026 03:37
7ba27d1e-503e-4b28-96ca-16790f7f2ec3,unfettered.memorial,available,52.99,52.99,medium,low,10,namesilo,,,12/09/2026 04:56
06d739ed-1ef2-4aee-b1f5-bd2455fd5747,heed.memorial,available,52.99,52.99,high,low,4,namesilo,,,08/09/2026 10:58
7c266c5f-960c-4126-9fe6-543090933b32,engineers.memorial,available,41.6,41.6,high,low,9,spaceship,,,30/09/2026 21:06
edb237bb-567f-4cd6-954b-d024da42b6eb,mogul.memorial,available,52.99,52.99,high,low,5,namesilo,,,23/09/2026 14:17
3053b113-8e25-4954-b7a0-8a24c1e2a215,benghazi.memorial,available,52.99,52.99,medium,low,8,namesilo,,,23/09/2026 08:04
93bed126-ea51-4912-9d45-59467dfbbdd8,humoral.memorial,available,52.99,52.99,medium,low,7,namesilo,,,21/08/2026 15:21
b5162e1a-de65-45ed-86a5-21d8731ff92a,trussed.memorial,available,52.99,52.99,medium,low,7,namesilo,,,11/09/2026 15:47
f553b308-e202-473b-a816-45bef0320415,acrobatic.memorial,available,54.98,64.98,high,low,9,namecheap,,,
839121cc-4fd1-412b-a8c5-bc20f71b688c,drome.memorial,available,52.99,52.99,high,low,5,namesilo,,,17/09/2026 12:59
7bc5e3c3-deaa-4d8a-98b0-da7387b6bb6a,stalwart.memorial,available,52.99,52.99,high,low,8,namesilo,,,21/08/2026 00:53
3ab8f217-8151-4976-98e6-09d58cef7a70,behemoth.memorial,available,54.98,64.98,high,low,8,namecheap,,,23/09/2026 03:24
ba440723-6581-4029-ada1-4d1014582b70,provision.memorial,available,43.02,43.02,high,low,9,dynadot,,,30/09/2026 08:49
2f45805f-4135-4acb-8066-398fbefd5746,lovelace.memorial,available,41.6,41.6,high,low,8,spaceship,,,30/09/2026 10:29
f2b67d26-d4d2-4299-8927-a51511ab4fd9,tubeless.memorial,available,54.98,64.98,medium,low,8,namecheap,,,11/09/2026 20:58
7db89e18-dc65-4d6b-9ebb-113d61b07397,bailiff.memorial,available,54.98,64.98,medium,low,7,namecheap,,,21/09/2026 19:06
67f5afa6-2773-4112-896c-df2b27ab04d3,plaguy.memorial,available,52.99,52.99,medium,low,6,namesilo,,,
bc813dd4-a150-4297-b6b3-97a22d13b83b,acorus.memorial,available,52.99,52.99,medium,low,6,namesilo,,,17/09/2026 02:25
ad3c356d-ce3b-4c0c-85b4-c414560909c3,bonfires.memorial,available,52.99,52.99,medium,low,8,namesilo,,,20/09/2026 12:29
1d537bb4-a19e-45f9-99a2-53aaa3cad03c,her.memorial,available,41.6,41.6,high,low,3,spaceship,,,30/09/2026 22:04
c4394c37-872a-4810-b048-8d67aad6e0cd,norms.memorial,available,52.99,52.99,medium,low,5,namesilo,,,
1b73b776-486e-48a7-ba20-f446ea242c7b,walked.memorial,available,52.99,52.99,medium,low,6,namesilo,,,18/09/2026 01:20
e2e86ba4-2df9-47b6-8aac-f9ee529cbd0e,splendidly.memorial,available,52.99,52.99,medium,low,10,namesilo,,,14/09/2026 16:44
a17a1f90-b1d5-4465-a33f-3d21643f26b5,chains.memorial,available,40.2,40.2,high,low,6,cloudflare,,,27/09/2026 12:26
cb94026a-170a-42cd-a67f-b4bb1ef84454,acc.memorial,available,52.99,52.99,high,low,3,namesilo,,,16/09/2026 21:45
fbdeea18-bf11-484b-a330-abb700156cf1,udp.memorial,available,41.6,41.6,high,low,3,spaceship,,,30/09/2026 20:51
3dc6135b-a56a-47d1-8368-3535ddb4cd93,firearm.memorial,available,41.6,41.6,high,low,7,spaceship,,,29/09/2026 00:55
97b3fa6d-a414-4103-a425-8a8d5d65aad5,wing.memorial,available,54.98,64.98,high,low,4,namecheap,,,22/09/2026 15:49
e1d4baba-8eac-4ba5-85f3-b149f95e48cd,balm.memorial,available,52.99,52.99,high,low,4,namesilo,,,21/09/2026 23:35
33f193d5-f501-4b89-ba90-d00ad820f230,punctually.memorial,available,52.99,52.99,medium,low,10,namesilo,,,14/09/2026 14:45
3cbbef90-e1a8-4f66-8d88-edb4ecef1a6e,almighty.memorial,available,52.99,52.99,high,low,8,namesilo,,,
9fc371ec-2b54-4f4b-b633-357e90f0b114,unstudied.memorial,available,52.99,52.99,medium,low,9,namesilo,,,12/09/2026 06:07
c797858b-435d-4396-ab03-c8e85ce452d8,gia.memorial,available,54.98,64.98,high,low,3,namecheap,,,20/09/2026 06:34
c3e31899-5209-4c5c-b2b5-b348da80e2d7,polysemous.memorial,available,52.99,52.99,medium,low,10,namesilo,,,08/09/2026 23:31
b7134a81-a032-4566-876f-5a5376a13a98,specifics.memorial,available,41.6,41.6,medium,low,9,spaceship,,,29/09/2026 17:04
55289b47-bf9e-48ee-9a7a-cad029dd59aa,dryly.memorial,available,52.99,52.99,medium,low,5,namesilo,,,14/09/2026 14:21
c4d0f7ab-0d2f-43c6-b08a-e9d73ebe71b1,obtained.memorial,available,52.99,52.99,medium,low,8,namesilo,,,
4a167ab1-e5c9-4cd3-869c-65d773b0f8bd,appellant.memorial,available,52.99,52.99,medium,low,9,namesilo,,,06/08/2026 06:23
a95f47c0-d068-4239-a423-be011cc438aa,inman.memorial,available,40.2,40.2,medium,low,5,cloudflare,,,29/09/2026 15:42
534c1050-4297-4ffd-8e57-ccf3be635809,postcard.memorial,available,41.6,41.6,high,low,8,spaceship,,,29/09/2026 13:21
4b8abda4-f1aa-43af-a8e1-da8f72b0f13e,admitted.memorial,available,52.99,52.99,medium,low,8,namesilo,,,27/09/2026 22:14
c1cec2c0-3f4b-4467-8206-f7b2ca192688,peoples.memorial,available,52.99,52.99,high,low,7,namesilo,,,29/09/2026 01:49
bdf61239-94cc-4f0a-b5df-b8bcfc52b289,acidosis.memorial,available,52.99,52.99,medium,low,8,namesilo,,,17/09/2026 01:28
33500b09-5b94-4c71-9a19-b47df174a918,impulsive.memorial,available,52.99,52.99,high,low,9,namesilo,,,11/08/2026 01:34
8c4240a1-7ce7-4e42-bb1c-1822a244e8de,respiration.memorial,available,54.98,64.98,high,low,11,namecheap,,,29/09/2026 23:19
19d4d9db-fec6-418e-9cb3-067109a9b149,also.memorial,available,52.99,52.99,high,low,4,namesilo,,,28/09/2026 12:05
aa8eccbb-fdd6-49cf-a34a-a36048032af4,consciousness.memorial,available,52.99,52.99,medium,low,13,namesilo,,,28/09/2026 08:13
362e1301-139b-4fff-a39f-56d82f31cfc5,offspring.memorial,available,40.2,40.2,high,low,9,cloudflare,,,28/09/2026 11:24
b38906e1-1b4d-405f-a7a5-df1a293c7c34,quelled.memorial,available,52.99,52.99,medium,low,7,namesilo,,,09/09/2026 08:24
c2a26efc-c8c8-42fc-a7e9-74b0f2534143,heartsick.memorial,available,52.99,52.99,medium,low,9,namesilo,,,11/08/2026 05:30
b60f675b-5627-49b3-a14e-1a3b45b23b20,infernal.memorial,available,52.99,52.99,high,low,8,namesilo,,,10/08/2026 12:50
d1d8904d-71d2-4f5b-b201-8e8a84fcce69,accountable.memorial,available,41.6,41.6,high,low,11,spaceship,,,29/09/2026 08:24
b6ebdf47-f8e9-41ff-9bbb-bde87eb666d8,judd.memorial,available,52.99,52.99,medium,low,4,namesilo,,,27/09/2026 07:52
548cfca5-e84a-4400-85a6-aa670d6b2902,normative.memorial,available,54.98,64.98,medium,low,9,namecheap,,,03/09/2026 21:19
1b60f3fb-5879-45d0-b82a-f2f882980f06,vodka.memorial,premium,68.51,68.51,high,low,5,spaceship,,,30/09/2026 14:34
c9983b19-55d2-4d8c-a3b2-871131a2d182,facial.memorial,available,54.98,64.98,high,low,6,namecheap,,,17/08/2026 20:25
bbecf4c6-3fc3-419a-8692-33c528d0685f,doorbell.memorial,available,41.6,41.6,medium,low,8,spaceship,,,29/09/2026 22:59
e4dbb44e-d417-4f61-95b4-bb4a50fffddd,logs.memorial,available,41.6,41.6,medium,low,4,spaceship,,,28/09/2026 17:47
c9a0b165-2808-4ca9-8288-3d7b5d0210ed,bethel.memorial,available,52.99,52.99,medium,low,6,namesilo,,,23/09/2026 11:13
993f1b74-643d-4ba6-908d-d34ae57b745f,ponds.memorial,available,52.99,52.99,medium,low,5,namesilo,,,18/09/2026 22:37
cc626a82-8fd8-4cb0-8bfa-55659ee8db56,proud.memorial,available,52.99,52.99,high,low,5,namesilo,,,27/09/2026 07:46
78336385-46a9-4d04-8e5e-03a8f3d4ab23,quaint.memorial,available,52.99,52.99,high,low,6,namesilo,,,04/09/2026 01:55
3e995c6a-7097-4650-b4b8-3ae7d323291a,toulon.memorial,available,40.2,40.2,medium,low,6,cloudflare,,,28/09/2026 20:41
2a1e31d6-bbbb-4e50-a61e-586559dc07c5,heidelberg.memorial,available,54.98,64.98,high,low,10,namecheap,,,25/09/2026 16:09
5ee4a81d-f8f6-4f24-b9ef-145c4b78cab7,deserts.memorial,available,41.71,41.71,high,low,7,porkbun,,,01/10/2026 01:30
edb5488e-315a-439d-8976-995ab048aee5,segal.memorial,available,40.2,40.2,medium,low,5,cloudflare,,,28/09/2026 19:20
921cc84a-17b4-4a6d-b519-a348c5611f68,pillow.memorial,available,52.99,52.99,high,low,6,namesilo,,,28/09/2026 02:55
04e81b37-9634-4b09-829c-72b065c1573e,treasure.memorial,available,52.99,52.99,high,low,8,namesilo,,,27/09/2026 06:38
442033b5-f4e1-4b62-8887-3562b88339ab,jocund.memorial,available,52.99,52.99,medium,low,6,namesilo,,,22/08/2026 13:40
92550bc3-2e2c-4803-80bc-3c71e50e7eeb,sevastopol.memorial,available,40.2,40.2,medium,low,10,cloudflare,,,30/09/2026 18:36
c0fa31f0-b310-43ea-9ac9-cdecb8befe52,administration.memorial,available,52.99,52.99,high,low,14,namesilo,,,30/09/2026 08:00
7de06afb-eff3-4564-8dfa-72a9663c45ac,allergy.memorial,available,41.6,41.6,high,low,7,spaceship,,,28/09/2026 20:29
1a37c366-1870-4669-b561-332a8d45c8c5,gwen.memorial,available,41.6,41.6,high,low,4,spaceship,,,27/09/2026 19:20
6eb1d671-e863-481e-b14a-ec6ddb8f25ef,corrupted.memorial,available,52.99,52.99,medium,low,9,namesilo,,,23/09/2026 23:59
f52418cc-de05-47e5-a8ac-c128b2844ed6,florentine.memorial,available,52.99,52.99,high,low,10,namesilo,,,18/08/2026 08:58
4407499f-43b8-4b17-afa6-06f2632b1152,raritan.memorial,available,54.98,64.98,high,low,7,namecheap,,,30/09/2026 04:34
a71f3a7d-211c-4628-930f-02962d25ef1f,german.memorial,available,52.99,52.99,high,low,6,namesilo,,,18/08/2026 22:44
ef99a6e3-d92e-4dff-acd2-4ca584773d00,cake.memorial,available,41.6,41.6,high,low,4,spaceship,,,29/09/2026 14:21
273cfed0-1f39-4ab6-80ac-13a1b1b64cb4,mont.memorial,available,40.2,40.2,medium,low,4,cloudflare,,,30/09/2026 19:51
7ec73143-4514-4e94-b805-e10eead83436,harmonious.memorial,available,52.99,52.99,high,low,10,namesilo,,,21/08/2026 01:03
f5b8d1a7-2552-4865-8244-f67cb283f2c5,performed.memorial,available,52.99,52.99,medium,low,9,namesilo,,,
d237c028-45e5-44b5-a0e8-4006b94ead1d,organised.memorial,available,52.99,52.99,high,low,9,namesilo,,,26/09/2026 00:28
81fc5cd7-c71d-4a41-a063-1518b8532ac3,comprehension.memorial,available,41.6,41.6,medium,low,13,spaceship,,,29/09/2026 23:00
5268b138-5a6c-453b-b190-586ab859d414,stickers.memorial,available,41.71,41.71,high,low,8,porkbun,,,30/09/2026 07:47
294bd3ad-56e2-4248-814b-091ede39238b,pastime.memorial,available,41.6,41.6,high,low,7,spaceship,,,01/10/2026 02:31
4607d0fe-17cf-48fd-b1e4-da977b9d2050,initiated.memorial,available,40.2,40.2,medium,low,9,cloudflare,,,29/09/2026 11:07
d58ffe58-fc7c-42ee-be14-f7c33f1d11bd,roster.memorial,available,52.99,52.99,high,low,6,namesilo,,,30/09/2026 02:44
aa148bc7-cb2a-4227-bfc8-f06d131a3bf3,sideburns.memorial,available,52.99,52.99,high,low,9,namesilo,,,
29c65897-167e-4850-87fe-aa6b87a90837,arrived.memorial,available,52.99,52.99,medium,low,7,namesilo,,,17/09/2026 14:03
659fec2d-c962-428c-bb06-54304bda73af,perfectly.memorial,available,40.2,40.2,high,low,9,cloudflare,,,28/09/2026 11:37
2c9805bd-5a8c-4105-9d95-6c1caa073013,executing.memorial,available,43.02,43.02,medium,low,9,dynadot,,,29/09/2026 07:22
7b776947-9b36-4ee8-8741-494b6ee3fce5,analyzed.memorial,available,52.99,52.99,medium,low,8,namesilo,,,
1ebaccb5-90ab-41d7-9a9e-5b8287fc7428,faculty.memorial,available,52.99,52.99,high,low,7,namesilo,,,28/09/2026 09:44
f03f8327-6999-4d36-8ae8-4d9b8813079e,asset.memorial,available,52.99,52.99,high,low,5,namesilo,,,01/10/2026 02:31
b2f2428d-ceca-445d-90ff-bb448b834bcc,idiom.memorial,available,54.98,64.98,high,low,5,namecheap,,,28/09/2026 22:21
cd881286-740b-4a22-8286-2d3649d08b42,react.memorial,available,52.99,52.99,high,low,5,namesilo,,,27/09/2026 06:05
b70ad6ff-2615-4a28-b187-3e339df82551,hexangular.memorial,available,52.99,52.99,medium,low,10,namesilo,,,21/08/2026 07:48
d7ceedde-4bca-49fb-9953-d5284e301faf,slut.memorial,available,52.99,52.99,high,low,4,namesilo,,,17/09/2026 10:21
10ceb2f5-5e88-4714-9777-ed5ae03abb3b,leaders.memorial,available,52.99,52.99,high,low,7,namesilo,,,30/09/2026 02:31
0edca451-9708-4235-95bf-113c660430b0,seagirt.memorial,available,52.99,52.99,medium,low,7,namesilo,,,10/09/2026 00:39
9616dd05-0539-44d0-bd00-ee9572d1249f,happens.memorial,available,64.98,,medium,low,7,namecheap,,,
5dece9df-2f36-4383-8cc0-319c52f182a8,ogden.memorial,available,52.99,52.99,medium,low,5,namesilo,,,25/09/2026 03:51
b88cac7c-b15b-47a8-bd38-cce4258abefa,wild.memorial,available,52.99,52.99,high,medium,4,namesilo,,,22/09/2026 17:18
f1d01537-1b8d-4df8-8707-c1c9f7887117,whacking.memorial,available,52.99,52.99,medium,low,8,namesilo,,,13/09/2026 11:09
d3455d05-d703-4408-96d7-f6a987bac7de,habitable.memorial,available,54.98,64.98,high,low,9,namecheap,,,20/08/2026 21:25
4eb10bc1-2bc7-438b-afe9-7cf891cf5fce,bap.memorial,available,54.98,64.98,high,low,3,namecheap,,,22/09/2026 03:20
dc69f7c6-1968-49cf-9fcc-54f2a10e6d5f,concentric.memorial,available,54.98,64.98,high,low,10,namecheap,,,12/08/2026 19:57
2aeaacab-7fad-43e0-b24e-c4e9d45edc41,horrifying.memorial,available,52.99,52.99,medium,low,10,namesilo,,,18/08/2026 15:42
ac80620a-f4ea-4f72-82fd-84d608f7b0f1,behaved.memorial,available,52.99,52.99,high,low,7,namesilo,,,30/09/2026 05:57
94bab216-7874-4da6-b396-d23426d4ae01,exterior.memorial,available,54.98,64.98,high,low,8,namecheap,,,17/08/2026 19:05
11dc55e0-1030-4e70-8e1d-aa01f7c8e4fa,dogging.memorial,available,52.99,52.99,medium,low,7,namesilo,,,14/08/2026 15:03
bb757d7a-7373-4eb7-96f2-6182abdf9261,cartilage.memorial,available,40.2,40.2,high,low,9,cloudflare,,,01/10/2026 01:18
afcb8c60-ef79-42ae-a3fa-32df3e51ca94,non.memorial,available,52.99,52.99,medium,low,3,namesilo,,,28/09/2026 16:25
d3fd31f6-3cdf-41f2-a009-ed0a39a19717,goodman.memorial,available,52.99,52.99,high,low,7,namesilo,,,23/09/2026 08:16
87c56f0b-cfc7-4914-aa46-c4da519722d5,wyoming.memorial,available,52.99,52.99,high,low,7,namesilo,,,29/09/2026 06:48
c0cba4fd-8c90-424a-a4ff-43c19c577cc7,wehrmacht.memorial,available,52.99,52.99,medium,low,9,namesilo,,,28/09/2026 16:22
b80a11eb-d023-4b25-84e0-8391d36c5609,reverend.memorial,available,52.99,52.99,high,low,8,namesilo,,,09/09/2026 16:06
b4c46310-eafb-42a1-8b49-0efdf8a1573c,uncordial.memorial,available,52.99,52.99,medium,low,9,namesilo,,,12/09/2026 06:13
daa312d7-aaa9-4316-a645-c43967cad1c6,flood.memorial,available,43.02,43.02,high,low,5,dynadot,,,29/09/2026 13:53
41408b29-6b04-461a-b1a3-23f03c848b72,apodous.memorial,available,52.99,52.99,medium,low,7,namesilo,,,06/08/2026 01:21
1b7e2f97-2dfe-43ad-a1b5-1f005ec5a608,achondrite.memorial,available,52.99,52.99,medium,low,10,namesilo,,,17/09/2026 00:54
7374cd61-fc00-4592-b22c-9fd3206fcb47,astronauts.memorial,available,52.99,52.99,medium,low,10,namesilo,,,30/09/2026 00:30
4c4d8f20-2bab-47cb-aa26-8657c60a0fa8,demanding.memorial,available,52.99,52.99,medium,low,9,namesilo,,,14/08/2026 01:06
8ae32152-71d0-410c-b6da-997636a76829,broader.memorial,available,52.99,52.99,medium,low,7,namesilo,,,01/10/2026 00:23
7c8b79ad-082c-4a54-97b9-2048aba95a8a,binding.memorial,available,54.98,64.98,high,low,7,namecheap,,,22/09/2026 20:51
73f875fb-3737-410d-b212-158aa1a435c8,preventing.memorial,available,40.2,40.2,medium,low,10,cloudflare,,,30/09/2026 06:24
7d08f314-ecc0-4fe6-9261-936bb41764e1,beau.memorial,available,64.99,65.99,high,low,4,name.com,,,13/08/2026 17:13
65d70d46-28a5-4887-a008-4ae75874f799,prosily.memorial,available,52.99,52.99,low,low,7,namesilo,,,15/09/2026 21:46
3965a44a-1a44-4b8a-883d-fec3e86cb8c3,uncommitted.memorial,available,52.99,52.99,medium,low,11,namesilo,,,
f07b70c1-4a62-478d-979b-ec6fbb0c1873,emblematic.memorial,available,52.99,52.99,high,low,10,namesilo,,,16/08/2026 09:29
ea99379e-d0c2-462b-979f-2a9ba9927692,celery.memorial,available,52.99,52.99,high,low,6,namesilo,,,19/09/2026 17:33
0946fcff-a865-4847-9897-345e85a07d6b,girl.memorial,available,52.99,52.99,high,low,4,namesilo,,,29/09/2026 13:16
c064c0e0-7d79-49c7-9052-57429fd4cd7d,plunk.memorial,available,52.99,52.99,medium,low,5,namesilo,,,15/09/2026 20:41
e6a3df83-78d0-4bd5-bbd0-66e2b7b839a0,lili.memorial,available,40.2,40.2,medium,low,4,cloudflare,,,30/09/2026 15:01
e40e65ca-2e8a-4149-bcbf-b1d185ecb685,ming.memorial,available,41.6,41.6,high,low,4,spaceship,,,28/09/2026 02:26
435866d0-9800-4e95-b662-f6c5033b857c,chronic.memorial,available,52.99,52.99,high,low,7,namesilo,,,12/08/2026 07:24
dedbe6c3-bd4c-4d70-81b5-4b80a2a7afcb,epirus.memorial,available,40.2,40.2,medium,low,6,cloudflare,,,30/09/2026 09:34
5d74d1fd-9dfd-46e6-8c44-590e618c1e71,whimsy.memorial,available,52.99,52.99,high,low,6,namesilo,,,20/09/2026 00:42
ae1a5aec-348a-4931-841f-2aba96618666,marine.memorial,available,52.99,52.99,high,low,6,namesilo,,,25/09/2026 16:45
add5d8b1-ac45-4268-8548-0a3c88c6b545,affect.memorial,available,52.99,52.99,high,low,6,namesilo,,,27/09/2026 05:35
5404322c-659f-4711-a6fe-789ef04d73c6,trifid.memorial,available,52.99,52.99,medium,low,6,namesilo,,,11/09/2026 19:33
45bdc3a6-0a43-4851-8665-43bf467680a8,barnet.memorial,available,43.02,43.02,medium,low,6,dynadot,,,28/09/2026 20:56
1d400230-ce7f-4b58-9a13-b94415ca26ba,donee.memorial,available,52.99,52.99,medium,low,5,namesilo,,,09/08/2026 14:26
7ad7c58b-bde6-488e-91df-40a15b5ae3cc,architectural.memorial,available,52.99,52.99,medium,low,13,namesilo,,,29/09/2026 08:50
b7f28990-3277-4b7d-86b4-fcc92216cc67,crackpot.memorial,available,52.99,52.99,medium,low,8,namesilo,,,10/09/2026 00:10
467e76ea-9e48-43f3-a97e-44f564123a34,maximally.memorial,available,52.99,52.99,medium,low,9,namesilo,,,15/09/2026 13:43
edeb5ed8-4b1b-44c7-9de8-373f1f325a76,levodopa.memorial,available,54.98,64.98,high,low,8,namecheap,,,23/09/2026 07:46
a6058c85-ebd8-4668-9ba8-1ccb5ab4a5c1,stimulant.memorial,available,52.99,52.99,high,low,9,namesilo,,,17/08/2026 16:30
262e2fd6-a7f9-4754-9adb-f7c2a6bd0054,retrieve.memorial,available,40.2,40.2,high,low,8,cloudflare,,,30/09/2026 09:11
040118df-026a-419f-8be3-9e052b147539,faithless.memorial,available,54.98,64.98,medium,low,9,namecheap,,,17/08/2026 21:14
d5edbee0-5d40-4865-b401-769d60945544,hertford.memorial,available,52.99,52.99,medium,low,8,namesilo,,,29/09/2026 22:01
fc8cf453-d3a7-4b3f-a7c0-eab35cb1e817,bao.memorial,available,41.6,41.6,medium,low,3,spaceship,,,28/09/2026 21:38
d39875f7-1ed5-4d6c-ac9b-87c5bc0015c4,tai.memorial,available,52.99,52.99,high,low,3,namesilo,,,10/09/2026 07:25
fec21a7e-b4e3-4603-a4cd-579ae3d13e9a,buick.memorial,available,52.99,52.99,high,low,5,namesilo,,,30/09/2026 12:46
44101583-c491-4f8a-b7b3-1ba6cdaae847,macarthur.memorial,available,54.98,64.98,high,low,9,namecheap,,,25/09/2026 20:07
33c96dc0-92cb-4b55-8b6d-6e4ca7596186,annam.memorial,available,52.99,52.99,medium,low,5,namesilo,,,19/09/2026 10:09
77789893-0305-4adf-b9db-ff018e4365c8,introductions.memorial,available,52.99,52.99,medium,low,13,namesilo,,,20/09/2026 22:09
222bcf81-d73b-45b4-91af-4cf8ba1c103b,inhabitants.memorial,available,52.99,52.99,medium,low,11,namesilo,,,29/09/2026 23:30
d9124707-5af5-4e7c-b37a-1d2141531b2e,recounting.memorial,available,52.99,52.99,medium,low,10,namesilo,,,11/09/2026 10:26
9b2b848c-b783-46b6-8e9c-e559c75b87d0,dismiss.memorial,available,54.98,64.98,high,low,7,namecheap,,,29/09/2026 15:34
d760b2b9-1cf9-4fe6-a9f5-a23cd7ff5e18,saddam.memorial,available,52.99,52.99,medium,low,6,namesilo,,,25/09/2026 23:11
dc8789b5-7da0-40b6-a87a-c0fdf89494e7,cattish.memorial,available,52.99,52.99,medium,low,7,namesilo,,,10/08/2026 07:28
6cb78b47-7998-4809-80d6-52c6515af488,usa.memorial,premium,72.6,72.6,high,medium,3,dynadot,,,28/09/2026 20:55
3d5f6a2b-73ff-440f-b9b3-a7dbb2ef59af,virago.memorial,available,52.99,52.99,medium,low,6,namesilo,,,18/09/2026 16:19
ba0fb545-c479-45e8-b28f-152f8e171b3d,availability.memorial,available,52.99,52.99,high,low,12,namesilo,,,30/09/2026 05:58
9481485f-2a28-4ad2-b771-9e2fc88bced2,ecstasy.memorial,available,41.6,41.6,high,low,7,spaceship,,,29/09/2026 12:00
99fd30c2-e4de-4e2f-9013-9e307df439f8,famished.memorial,available,52.99,52.99,medium,low,8,namesilo,,,17/08/2026 13:41
3a901254-25e9-4a1d-852e-973162eddfa3,withered.memorial,available,54.98,64.98,medium,low,8,namecheap,,,14/08/2026 19:11
b11736f9-57b6-40f7-af84-45038350da92,galician.memorial,available,52.99,52.99,high,low,8,namesilo,,,29/09/2026 12:26
a72efe3b-54ac-491a-abe5-13ec5436c70d,animate.memorial,available,52.99,52.99,high,low,7,namesilo,,,22/09/2026 04:47
d1c48727-e845-402d-a137-d6ea417539e8,outre.memorial,available,54.98,64.98,medium,low,5,namecheap,,,10/08/2026 10:39
f603dd0f-1daf-43f3-8598-47599b96e5d5,calmness.memorial,available,52.99,52.99,high,low,8,namesilo,,,11/08/2026 14:56
d32cf878-69b6-4258-998a-f593026a8242,desperate.memorial,available,52.99,52.99,high,low,9,namesilo,,,14/08/2026 03:58
9d8cc214-3064-495d-b184-0360e869e31e,maxim.memorial,available,41.6,41.6,high,low,5,spaceship,,,28/09/2026 23:52
818902aa-0faa-4d44-8fd4-60b47dbe5dbb,bastion.memorial,available,54.98,64.98,high,low,7,namecheap,,,22/09/2026 12:50
f98f83cc-e2b3-49f4-923e-d2a88734a542,feasible.memorial,available,52.99,52.99,high,low,8,namesilo,,,17/08/2026 16:48
e8b29f4d-25bc-4368-b7e8-d7a1674970eb,batavia.memorial,available,41.6,41.6,high,low,7,spaceship,,,27/09/2026 18:11
b8814c23-3faf-450a-90cb-900d72138ed7,renascent.memorial,available,52.99,52.99,high,low,9,namesilo,,,09/09/2026 13:55
a2e89c20-2d18-46f6-8409-e465d3e3c610,godless.memorial,available,52.99,52.99,medium,low,7,namesilo,,,20/08/2026 16:02
5ce99564-c058-4896-bf11-919682f3be3f,bismuth.memorial,available,52.99,52.99,high,low,7,namesilo,,,20/09/2026 23:53
a75092fc-ff0b-4e7d-98eb-e355ef71f397,heartening.memorial,available,52.99,52.99,high,low,10,namesilo,,,21/08/2026 02:09
2fb54f0c-7abc-44bc-a241-f002d9a70252,located.memorial,available,52.99,52.99,high,low,7,namesilo,,,25/09/2026 14:10
bf3d1b14-06f9-4575-beb4-a29bd3f0f471,triangle.memorial,available,40.2,40.2,high,low,8,cloudflare,,,28/09/2026 09:33
3f51b39f-8d94-47a1-8bea-44fd25c86d99,autologous.memorial,available,52.99,52.99,medium,low,10,namesilo,,,07/08/2026 20:37
d7fe0ab2-680d-47bc-bb73-6c77311cb98d,terminology.memorial,available,54.98,64.98,high,low,11,namecheap,,,30/09/2026 05:58
b1fdd062-d323-42b6-b7ff-12351be9eee1,crooner.memorial,available,52.99,52.99,medium,low,7,namesilo,,,21/09/2026 22:42
b851eb8f-39ba-4b3b-926d-de74efcaa9ff,resulting.memorial,available,43.02,43.02,high,low,9,dynadot,,,29/09/2026 10:42
d80f1fc2-d77b-4c9b-8da2-d8e5e5241742,mortgages.memorial,available,52.99,52.99,medium,low,9,namesilo,,,20/09/2026 00:45
117d9d23-6ccf-4ea4-9d8f-06fd90c38310,andre.memorial,available,41.6,41.6,high,low,5,spaceship,,,28/09/2026 04:04
27811f01-dc40-45b4-b144-13dd42085f2f,lightness.memorial,available,54.98,64.98,high,low,9,namecheap,,,17/09/2026 17:53
4a55cc7b-93b0-4d7c-ac59-f99aecd2495e,toughened.memorial,available,52.99,52.99,medium,low,9,namesilo,,,11/09/2026 10:54
04b7df63-263a-44c6-9bb3-7ffb0885ca62,incensed.memorial,available,52.99,52.99,medium,low,8,namesilo,,,22/08/2026 01:01
64477938-0203-4ed0-b01b-6f0d286cbfbb,contracted.memorial,available,52.99,52.99,high,low,10,namesilo,,,23/09/2026 22:26
097ba9b4-def8-448c-9710-a116fdbceded,introspection.memorial,available,54.98,64.98,high,low,13,namecheap,,,17/09/2026 06:54
c849d519-39b3-4a21-acb9-cd759027a9a8,belts.memorial,available,41.6,41.6,medium,low,5,spaceship,,,28/09/2026 09:04
dfa2445f-9b32-48c6-b866-c9a91b862a70,immense.memorial,available,52.99,52.99,high,low,7,namesilo,,,25/09/2026 06:12
6cd4a526-e6a0-4f2c-9956-65a99170f675,cupboards.memorial,available,52.99,52.99,medium,low,9,namesilo,,,20/09/2026 06:12
a9eb6b1a-407c-4eb5-b7d2-80202fed02be,ouse.memorial,available,41.6,41.6,medium,low,4,spaceship,,,01/10/2026 03:10
2207fb80-444f-4da1-8b30-9b6f6718f41d,deemed.memorial,available,54.98,64.98,high,low,6,namecheap,,,29/09/2026 23:04
75bbddad-6fe6-49c0-9aa3-f905dd80bb27,hereabout.memorial,available,52.99,52.99,medium,low,9,namesilo,,,15/09/2026 00:18
6907011d-a666-4e96-b081-ecce1d1ebe96,vise.memorial,available,54.98,64.98,medium,low,4,namecheap,,,23/09/2026 07:37
e93ec1fb-c521-4cf7-aab6-17128040a013,tak.memorial,available,40.2,40.2,high,low,3,cloudflare,,,29/09/2026 09:19
af8b148e-88f1-44b3-a998-35cdac1b93e9,reasons.memorial,available,54.98,64.98,medium,low,7,namecheap,,,25/09/2026 20:13
3f85da86-6d70-4354-8295-46bad05c79e9,biology.memorial,available,41.6,41.6,high,low,7,spaceship,,,28/09/2026 06:51
4c742f39-62ae-4609-bba2-9202a4740b07,pasture.memorial,available,52.99,52.99,high,low,7,namesilo,,,29/09/2026 00:44
517fbb28-f1f8-454b-9742-f79cea9a73fe,faisal.memorial,available,54.98,64.98,high,low,6,namecheap,,,29/09/2026 18:52
e3207129-6f4c-4f5c-8b74-297158fbf692,attacking.memorial,available,41.6,41.6,medium,low,9,spaceship,,,27/09/2026 23:17
06081b06-44cf-4eae-acd8-ed86c6bdef7c,busily.memorial,available,52.99,52.99,medium,low,6,namesilo,,,14/09/2026 01:53
2415f760-5e0c-4096-9707-2faa1341dbc4,filling.memorial,available,54.98,64.98,high,low,7,namecheap,,,25/09/2026 22:48
feeb7c27-d8a3-4b82-9780-84e1e476dad4,rendered.memorial,available,52.99,52.99,medium,low,8,namesilo,,,29/09/2026 05:08
fc3a5709-fcb6-419c-93c6-9c29beb368b3,undoubtedly.memorial,available,52.99,52.99,medium,low,11,namesilo,,,
3573bffa-8005-452a-a1bc-399bc677963a,black.memorial,premium,260,260,high,medium,5,namecheap,,,22/09/2026 21:16
fb1420c3-7323-486b-832b-66d658f3628a,quieted.memorial,available,54.98,64.98,medium,low,7,namecheap,,,20/09/2026 16:24
d2deda4b-2031-4115-9c18-e4f445ed42ca,qualify.memorial,available,52.99,52.99,high,low,7,namesilo,,,28/09/2026 06:57
935d3701-9925-4215-ba67-925056f01203,cdrom.memorial,available,52.99,52.99,medium,low,6,namesilo,,,30/09/2026 16:37
7f50f4bc-924e-478b-b15c-3a55da069008,allmouth.memorial,available,52.99,52.99,medium,low,8,namesilo,,,18/09/2026 11:45
eae85b29-d262-4bda-b1ca-7ddeab319258,chances.memorial,available,52.99,52.99,medium,low,7,namesilo,,,25/09/2026 16:56
b58775d4-9480-41d9-a5ec-575d93fd48c5,melvin.memorial,available,52.99,52.99,high,low,6,namesilo,,,26/09/2026 03:21
3dd03195-2f8e-4b77-b51f-4273c6d3a868,conserve.memorial,available,54.98,64.98,high,low,8,namecheap,,,24/09/2026 17:27
3d81dd21-587c-49ef-a026-7fddc1ee0485,heine.memorial,available,40.2,40.2,high,low,5,cloudflare,,,29/09/2026 15:16
499e52aa-7c75-4528-afb3-a92cd2afd31a,revolve.memorial,available,41.6,41.6,high,low,7,spaceship,,,01/10/2026 03:10
ccf0e5bd-637e-4bab-a9bc-1c81955bb92c,juice.memorial,available,40.2,40.2,high,low,5,cloudflare,,,30/09/2026 01:04
a667f615-9b4e-47c1-b63a-dd5307e7004f,sink.memorial,available,52.99,52.99,high,low,4,namesilo,,,29/09/2026 07:50
f37895ee-49a1-444f-a5c9-4a9a27994c8f,spotting.memorial,available,40.2,40.2,high,low,8,cloudflare,,,30/09/2026 17:13
16ba872e-3f98-459f-8c45-08b0949a092a,commemorate.memorial,available,41.6,41.6,high,low,11,spaceship,,,30/09/2026 03:37
2284d21b-4508-4e75-b22a-1b1e8c3775bc,establish.memorial,available,52.99,52.99,high,low,9,namesilo,,,22/09/2026 17:35
e1442ead-a434-4c3c-a687-c6e70c561528,obliquity.memorial,available,54.98,64.98,medium,low,9,namecheap,,,20/09/2026 18:47
e5b45e9e-98be-4573-930d-8ef89471955e,lotion.memorial,available,52.99,52.99,high,low,6,namesilo,,,01/10/2026 02:55
16206912-1c89-490f-adeb-5514112e99f5,wrongful.memorial,available,54.98,64.98,medium,low,8,namecheap,,,28/09/2026 11:11
c50c1791-82b2-456e-a844-d1744d1b0e9e,cardigan.memorial,available,52.99,52.99,high,low,8,namesilo,,,24/09/2026 12:52
bc5da182-c8c2-4cf5-a7f3-89089c9bc43c,brandeis.memorial,available,41.71,41.71,medium,low,8,porkbun,,,28/09/2026 08:12
232aa5e7-0873-47ae-a69b-6ccfa3f2538a,octopus.memorial,available,41.6,41.6,high,medium,7,spaceship,,,30/09/2026 02:24
082aa1b2-b331-4c79-a34c-7ed42d278f19,blithely.memorial,available,52.99,52.99,medium,low,8,namesilo,,,14/09/2026 00:31
a1a58fff-8f2a-4710-b969-f6dfbf74bead,motor.memorial,available,54.98,64.98,high,low,5,namecheap,,,25/09/2026 21:51
7e422acc-4d03-454f-99b2-cab369924a38,hush.memorial,available,54.98,64.98,high,low,4,namecheap,,,09/09/2026 08:50
0230fe13-feb1-4317-89e2-25d8a1b6a0ef,coalescing.memorial,available,52.99,52.99,medium,low,10,namesilo,,,12/08/2026 13:53
4ba81ad7-fcdd-4d03-b9b5-3ca713e159c5,rending.memorial,available,52.99,52.99,medium,low,7,namesilo,,,09/09/2026 13:57
3bafcffb-d3f2-4d9f-a275-e54438f74b7f,doglike.memorial,available,52.99,52.99,medium,low,7,namesilo,,,14/08/2026 15:07
17293935-904b-435c-bbf1-eaabe146fa86,clunk.memorial,available,52.99,52.99,medium,low,5,namesilo,,,11/09/2026 15:10
2c06ef60-86d3-4a19-acec-c2c9bb2e6d34,trifling.memorial,available,52.99,52.99,medium,low,8,namesilo,,,05/09/2026 00:21
9f660aeb-136d-4727-beb1-225a580f70ad,digit.memorial,available,41.71,41.71,high,low,5,porkbun,,,01/10/2026 01:45
a0a69b94-46de-4f97-8e4d-5531db7c48e0,marlene.memorial,available,52.99,52.99,medium,low,7,namesilo,,,28/09/2026 22:01
382817ee-42d9-48e0-99d9-ad9b450db826,missiles.memorial,available,54.98,64.98,low,low,8,namecheap,,,28/09/2026 00:20
8b91e5c7-c3fd-4d56-a8ab-215011b50cea,comfort.memorial,available,52.99,52.99,high,low,7,namesilo,,,24/09/2026 16:25
6c77e3f4-777e-4fcf-a1ac-07137c68e45a,peterborough.memorial,available,52.99,52.99,medium,low,12,namesilo,,,28/09/2026 07:36
66009019-8a14-40de-b8d8-60a4adfeb218,doubly.memorial,available,52.99,52.99,medium,low,6,namesilo,,,14/09/2026 13:48
3f06dfff-7f3f-4218-9365-bc7e83505ece,adjusting.memorial,available,40.2,40.2,high,low,9,cloudflare,,,29/09/2026 14:33
551363a5-13b3-4735-9c28-4ca873f9d38c,supervisor.memorial,available,41.6,41.6,high,low,10,spaceship,,,29/09/2026 18:27
70bda926-7b5e-4a25-bf2c-5e588f57c9db,infatuated.memorial,available,54.98,64.98,high,low,10,namecheap,,,16/08/2026 21:11
1540fc89-2221-4208-a547-c962e69fab7b,audiometer.memorial,available,52.99,52.99,medium,low,10,namesilo,,,21/09/2026 02:58
f7e96776-31f6-4014-8534-56d8c2011795,src.memorial,available,52.99,52.99,high,low,3,namesilo,,,29/09/2026 08:26
98112e47-5e9b-462a-87dc-af0c7e547cb3,instep.memorial,available,52.99,52.99,high,low,7,namesilo,,,16/09/2026 14:59
09388526-18de-4d52-9c3a-b475dec9576b,jural.memorial,available,52.99,52.99,medium,low,5,namesilo,,,22/08/2026 14:34
15eaddc6-422e-4b04-b85d-0f35c8e3e4b7,damage.memorial,available,52.99,52.99,high,low,6,namesilo,,,25/09/2026 04:36
e19aeaac-d046-4723-9ff5-43080847e4b9,bonham.memorial,available,52.99,52.99,medium,low,6,namesilo,,,30/09/2026 12:37
4da2c7ef-db10-471f-848d-408cc75a6ccd,akira.memorial,available,41.71,41.71,high,low,5,porkbun,,,29/09/2026 09:49
13548251-ae44-40f4-8f65-37e428bfb39c,civic.memorial,premium,118.8,118.8,high,low,5,namesilo,,,12/08/2026 09:01
9afe7b0e-ef27-4788-83ed-7d1eef2e58a5,ellie.memorial,available,43.02,43.02,high,low,5,dynadot,,,28/09/2026 04:48
3816b979-bb35-4aa6-86b8-55d0eeb4ca65,asphyxia.memorial,available,52.99,52.99,medium,low,8,namesilo,,,20/09/2026 15:10
03cc5bc6-f897-4d61-a1e3-5cf86ce4349f,johnstown.memorial,available,40.2,40.2,medium,low,9,cloudflare,,,28/09/2026 22:27
357856eb-1f63-4fb9-b1dc-d80120767dd2,fluvial.memorial,available,52.99,52.99,medium,low,7,namesilo,,,18/08/2026 09:35
f8256122-83c0-4bb1-b364-e7c7009b00a2,pussy.memorial,available,54.98,64.98,high,medium,5,namecheap,,,27/09/2026 08:37
221ebd12-f9e3-4d5d-ba70-264eb2d79edd,spatially.memorial,available,54.98,64.98,medium,low,9,namecheap,,,16/09/2026 05:56
06438874-a2a2-4674-a0c3-abfe8dc03e8f,flighty.memorial,available,52.99,52.99,medium,low,7,namesilo,,,18/08/2026 08:11
f7c3495f-924c-4a9b-9ecb-89dda45ec2af,straight.memorial,available,52.99,52.99,high,low,8,namesilo,,,14/08/2026 08:46
6c1fe250-30b3-4997-aa19-bab4bc36797a,flatbush.memorial,available,54.98,64.98,medium,low,8,namecheap,,,30/09/2026 22:06
2d12b594-e0ac-44ff-b58e-c266b3af847c,uso.memorial,available,41.6,41.6,high,low,3,spaceship,,,30/09/2026 20:19
65690bcc-49df-4fa3-80d2-e6484e707882,leibniz.memorial,available,54.98,64.98,medium,low,7,namecheap,,,29/09/2026 01:06
7e8d3338-38ff-45b1-b505-94373a9c8b25,avocation.memorial,available,52.99,52.99,medium,low,9,namesilo,,,21/09/2026 09:37
e4be24c3-cda8-48b3-96ad-98bdb432abb1,pes.memorial,available,52.99,52.99,high,low,3,namesilo,,,30/09/2026 01:41
b652856b-34d4-4657-ba39-042bca3fda1f,bullying.memorial,available,52.99,52.99,medium,low,8,namesilo,,,23/09/2026 10:48
a701b56c-9acb-4775-87aa-86570b4c1333,fruiting.memorial,available,52.99,52.99,medium,low,8,namesilo,,,18/08/2026 17:04
b874f8f4-6681-4d17-8813-540847863b16,unity.memorial,available,52.99,52.99,high,medium,5,namesilo,,,21/09/2026 10:47
92387460-35ed-434e-a908-404280cdad9c,vividly.memorial,available,52.99,52.99,high,low,7,namesilo,,,16/09/2026 11:06
58ed0244-849d-4f98-a200-c2917b32964f,suites.memorial,available,41.71,41.71,medium,low,6,porkbun,,,29/09/2026 17:41
8979ebcb-b0fb-4903-8f0d-6b63b8eac500,getting.memorial,available,43.02,43.02,high,low,7,dynadot,,,28/09/2026 17:59
7dad5ca9-b466-493f-9aa7-72083a29bbf7,davy.memorial,available,41.6,41.6,high,low,4,spaceship,,,29/09/2026 12:01
2ba5a002-ef83-4c2f-9d0d-169479a6e3a0,exempt.memorial,available,52.99,52.99,high,low,6,namesilo,,,17/08/2026 17:02
af731f3a-0b56-4901-9d17-227a2d2b5839,mayhem.memorial,available,54.98,64.98,high,low,6,namecheap,,,30/09/2026 17:33
6ee8b1d9-168e-40ab-b2d7-bbdb44caf6b1,ascension.memorial,available,52.99,52.99,high,low,9,namesilo,,,07/08/2026 00:30
df4434c5-5221-4e7c-9f99-11aeb5cfb2d3,rhenium.memorial,available,52.99,52.99,medium,low,7,namesilo,,,20/09/2026 23:48
457cf9d0-90bd-428e-a4c4-7dbb739018b1,rambling.memorial,available,52.99,52.99,high,low,8,namesilo,,,17/08/2026 16:41
dfb79731-3cec-4cc8-bb11-556df0821764,instructor.memorial,available,52.99,52.99,high,low,10,namesilo,,,28/09/2026 02:10
68ba9a10-ca68-400d-8a57-93a036899225,maximising.memorial,available,54.98,64.98,medium,low,10,namecheap,,,24/08/2026 17:58
b2285e8f-5aa9-43d9-b22b-982fa5519830,leavitt.memorial,available,52.99,52.99,medium,low,7,namesilo,,,29/09/2026 04:25
cb436e88-8b5c-4ae3-a3d3-cedba25f44c0,dart.memorial,available,52.99,52.99,high,low,4,namesilo,,,18/08/2026 07:49
4af9b6f7-ca0b-4347-85ec-808c088a59fc,infinitely.memorial,available,52.99,52.99,high,low,10,namesilo,,,14/09/2026 01:14
e210d553-3e38-49db-9168-d59609e6af01,testy.memorial,available,52.99,52.99,medium,low,5,namesilo,,,22/08/2026 10:29
7b4deef5-1dd8-4193-a8d3-9498cca765e2,surreal.memorial,available,52.99,52.99,high,low,7,namesilo,,,14/08/2026 18:46
5f53792c-6534-46d8-96fb-f53c51a140d2,taco.memorial,available,41.6,41.6,high,low,4,spaceship,,,29/09/2026 21:33
80dafea2-d43f-4d56-afda-ca326b27990e,murine.memorial,available,52.99,52.99,medium,low,6,namesilo,,,03/09/2026 11:04
16305a3a-82eb-4d2c-9f73-eb05a189289e,disorganized.memorial,available,52.99,52.99,medium,low,12,namesilo,,,
3d37a810-d911-447c-b707-1d32b35f0384,concealed.memorial,available,54.98,64.98,high,low,9,namecheap,,,23/09/2026 18:33
eb421f1f-1786-426c-aceb-53f1eea5f539,treats.memorial,available,52.99,52.99,medium,low,6,namesilo,,,28/09/2026 05:00
f2103938-26ca-4a51-9018-ac245e437ee0,eas.memorial,available,43.02,43.02,high,low,3,dynadot,,,30/09/2026 09:27
9b8ad425-35e9-449b-9274-39df743b67aa,meritable.memorial,available,54.98,64.98,medium,low,9,namecheap,,,24/08/2026 20:53
a666fe7b-8873-43c7-b359-ba2b26736d29,wbc.memorial,available,52.99,52.99,high,low,3,namesilo,,,28/09/2026 14:41
e297e5a8-163b-453d-9f55-52f4d211a9a6,strong.memorial,premium,118.8,118.8,high,low,6,namesilo,,,25/09/2026 07:58
98716f3a-1005-4bf6-9ec1-1c12dac0e640,accrual.memorial,available,54.98,64.98,medium,low,7,namecheap,,,16/09/2026 23:14
70d1b185-4026-48cb-b8d2-290eddaaf112,crotchety.memorial,available,52.99,52.99,medium,low,9,namesilo,,,13/08/2026 08:25
a29bad66-6f6b-4ba8-a3c9-3bf2b5acf244,audiences.memorial,available,41.71,41.71,medium,low,9,porkbun,,,29/09/2026 11:20
10f8cb09-dd5a-4e98-a7a5-b8e4d5229d71,colors.memorial,available,40.2,40.2,high,low,6,cloudflare,,,29/09/2026 10:19
a1b92f2e-825e-467b-b951-3cf10147e7c7,holey.memorial,available,52.99,52.99,medium,low,5,namesilo,,,21/08/2026 10:23
6f4fbb42-9e8b-4b79-80d2-06b77ba79d77,uncles.memorial,available,52.99,52.99,high,low,6,namesilo,,,20/09/2026 08:48
ff7a6d75-2491-4a7b-bd86-5d9b935f9c56,involute.memorial,available,52.99,52.99,high,low,8,namesilo,,,22/08/2026 09:12
ee0c6d67-7f6e-4936-9180-8940b38c6926,silvio.memorial,available,52.99,52.99,medium,low,6,namesilo,,,30/09/2026 00:38
dfa7d32f-23ee-41a4-b0f0-8c64c7a4b874,shaggy.memorial,available,52.99,52.99,medium,low,6,namesilo,,,11/08/2026 11:17
541baed5-15ab-4f35-91d7-4801ebb0f78f,allergen.memorial,available,52.99,52.99,high,low,8,namesilo,,,18/09/2026 10:53
6ebb3fa9-ab79-409f-bea1-504b7c79a790,chequebook.memorial,available,52.99,52.99,medium,low,10,namesilo,,,24/09/2026 13:58
509985f3-007e-4114-9bf5-c149cc0d7a7a,miguel.memorial,available,52.99,52.99,high,low,6,namesilo,,,25/09/2026 14:22
60ab2ab6-ae7f-4888-8707-f516ef7209f6,observer.memorial,available,52.99,52.99,high,low,8,namesilo,,,27/09/2026 03:30
0978b129-9ea9-434d-90fd-08659847a803,arability.memorial,available,54.98,64.98,medium,low,9,namecheap,,,19/09/2026 23:32
40f7a156-fcac-42b7-9393-16fd3cf6f068,use.memorial,premium,102.67,102.67,high,low,3,spaceship,,,29/09/2026 17:38
710fee1d-4d26-4250-b042-e4852830aa4d,schoolwide.memorial,available,52.99,52.99,medium,low,10,namesilo,,,09/09/2026 23:18
446d0673-c31a-4d80-9f32-dd5fcdda2eb9,footed.memorial,available,52.99,52.99,medium,low,6,namesilo,,,18/08/2026 10:43
a1eef5fc-fac8-4b9b-872a-499ffa5cc9cf,realise.memorial,available,41.6,41.6,high,low,7,spaceship,,,27/09/2026 16:29
07276ff4-2512-4318-9dc9-38e8119a375c,tacitus.memorial,available,52.99,52.99,high,low,7,namesilo,,,29/09/2026 07:01
0f7e2947-ce1a-4267-be05-2e0bf7d5519d,ptsd.memorial,available,41.6,41.6,medium,low,4,spaceship,,,28/09/2026 10:45
8190cce3-a21b-42c7-bacd-02df32196f4b,yobo.memorial,available,52.99,52.99,medium,low,4,namesilo,,,11/08/2026 08:48
cdcbdffa-8fe9-457e-8a59-74d477a3d582,presenter.memorial,available,52.99,52.99,high,low,9,namesilo,,,23/09/2026 10:46
02864881-4e5b-4920-b61e-32b148ccc1ac,abi.memorial,available,40.2,40.2,high,low,3,cloudflare,,,29/09/2026 03:38
678f7069-2c17-49ab-971f-69325030c4c7,july.memorial,available,52.99,52.99,high,low,4,namesilo,,,30/09/2026 01:04
80ea3395-c205-40a8-82b5-b1578772e97a,lying.memorial,available,52.99,52.99,high,low,5,namesilo,,,30/09/2026 03:38
d8564d0e-74ac-4534-b5a6-2a890a0c8827,inspection.memorial,available,41.6,41.6,high,low,10,spaceship,,,30/09/2026 13:38
0b28dccb-e61a-42a2-8d38-de21650e9595,bakery.memorial,available,41.6,41.6,high,low,6,spaceship,,,28/09/2026 12:14
4c1dd18f-8f47-4980-86f9-6da0b89114a6,pyle.memorial,available,52.99,52.99,medium,low,4,namesilo,,,29/09/2026 07:17
d185f8e8-9fa0-4c2c-93a9-7529743aec0f,embassador.memorial,available,52.99,52.99,high,low,10,namesilo,,,18/09/2026 16:29
f710cbe3-4ec0-431a-82a6-cc87b66c64b2,recalled.memorial,available,52.99,52.99,high,low,8,namesilo,,,18/09/2026 02:40
a79ac3ad-853e-4819-af8b-e19467da364b,only.memorial,available,52.99,52.99,high,medium,4,namesilo,,,22/09/2026 02:00
bab01f9e-c6a9-49c7-bc01-a54ce1156057,modal.memorial,available,54.98,64.98,high,low,5,namecheap,,,25/09/2026 21:10
def4e5b6-d11a-4161-bd9f-bccb54689bfe,sheeny.memorial,available,52.99,52.99,high,low,6,namesilo,,,20/08/2026 14:32
d1429110-ae4d-43d3-a2fa-d03419e1135d,lichens.memorial,available,41.6,41.6,low,low,7,spaceship,,,29/09/2026 05:48
920b92f9-45cb-42ff-aa63-9ba39a761e4b,mortuary.memorial,available,52.99,52.99,high,low,8,namesilo,,,25/08/2026 06:40
2b089ee4-c7ff-4d09-a1fb-a6c4a4501a1e,upwards.memorial,available,52.99,52.99,medium,low,7,namesilo,,,28/09/2026 09:52
dcbf3f15-0a14-47da-8a70-31294bd03b39,christine.memorial,available,41.6,41.6,high,low,9,spaceship,,,27/09/2026 19:02
a0fdb156-976b-43a1-bc6c-1afb50f4d643,truster.memorial,available,52.99,52.99,medium,low,7,namesilo,,,23/09/2026 05:14
f08da818-93ab-4f4a-8704-44161bb89c67,athabascan.memorial,available,54.98,64.98,medium,low,10,namecheap,,,20/09/2026 20:23
d0dcc46b-ee2a-479f-a23b-826302dd94a4,eightfold.memorial,available,52.99,52.99,medium,low,9,namesilo,,,15/08/2026 21:27
9107ef0b-2455-4352-bfb5-fe288eab7607,bauer.memorial,available,52.99,52.99,high,low,5,namesilo,,,25/09/2026 13:07
36704cc2-ed5d-445a-a135-ed457f35be74,marylebone.memorial,available,41.6,41.6,medium,low,10,spaceship,,,30/09/2026 14:03
65b12dc0-a449-4320-8f5f-85d83f14ca14,unloading.memorial,available,41.6,41.6,medium,low,9,spaceship,,,30/09/2026 11:15
a6301d22-8f50-4c75-a4bb-29925a4bd44f,storytellers.memorial,available,52.99,52.99,high,low,12,namesilo,,,20/09/2026 12:55
c4007b6a-38cb-4fdb-a6a6-90417be642a0,permutable.memorial,available,54.98,64.98,medium,low,10,namecheap,,,08/09/2026 17:50
b1728644-639d-4eb8-ac8d-88442f76f01a,banned.memorial,available,52.99,52.99,medium,low,6,namesilo,,,08/08/2026 13:44
9dd55026-9c73-4aeb-8388-e4d3f3b7fb8f,garry.memorial,available,52.99,52.99,high,low,5,namesilo,,,28/09/2026 03:42
97202eb1-bebc-41c1-92d9-b58667c07724,crichton.memorial,available,41.6,41.6,medium,low,8,spaceship,,,30/09/2026 01:11
8e8f7c05-64ce-4faf-96d0-b77f947ae07d,cups.memorial,available,52.99,52.99,medium,low,4,namesilo,,,18/09/2026 07:17
99c599d3-7d70-484c-ab15-20a6f46b0c33,analogical.memorial,available,52.99,52.99,medium,low,10,namesilo,,,
e9953ad9-17b6-4ce6-8e32-7138c570bed3,cbe.memorial,available,52.99,52.99,high,low,3,namesilo,,,29/09/2026 09:19
f70ec3ae-7eae-4dff-93b3-971d5676c9a1,produces.memorial,available,52.99,52.99,medium,low,8,namesilo,,,17/09/2026 14:14
670173c3-d954-4b7b-b7c8-029baa47ee86,averment.memorial,available,52.99,52.99,medium,low,8,namesilo,,,20/09/2026 16:16
af20089e-ac06-4360-a320-cbf04b88f362,customization.memorial,available,41.6,41.6,medium,low,13,spaceship,,,30/09/2026 22:42
d5cf6b89-2bf0-4332-883a-a468cd11e157,krypton.memorial,available,52.99,52.99,medium,low,7,namesilo,,,20/09/2026 22:56
df47a47d-86a7-4ae8-8091-dcc6269cc1ee,schnabel.memorial,available,52.99,52.99,medium,low,8,namesilo,,,20/09/2026 12:04
57f586d3-ec65-4b70-a265-317a7671842e,esperanza.memorial,available,41.6,41.6,high,low,9,spaceship,,,30/09/2026 23:47
c4949bcd-2eee-4442-ba67-a2139b6d7fed,drying.memorial,available,52.99,52.99,high,low,6,namesilo,,,16/09/2026 09:24
b2da6113-9b5f-47ad-ad9e-0d42703d0664,undergraduate.memorial,available,52.99,52.99,medium,low,13,namesilo,,,
a6c55396-509d-4516-baf7-1c596a927b2a,broaden.memorial,available,40.2,40.2,high,low,7,cloudflare,,,30/09/2026 16:22
4c170130-aa01-4ee3-b01f-66d1676d6eac,visualized.memorial,available,54.98,64.98,high,low,10,namecheap,,,24/09/2026 14:20
704d1faa-0ec3-4065-b0e2-7e0385a1d568,engrossing.memorial,available,52.99,52.99,high,low,10,namesilo,,,
2e0387f0-1260-437e-af95-10f83ba318d8,birling.memorial,available,54.98,64.98,medium,low,7,namecheap,,,23/09/2026 20:48
41e4172d-98c9-48eb-820d-f9910b2949cb,annulment.memorial,available,54.98,64.98,medium,low,9,namecheap,,,16/09/2026 17:16
f35d388f-69d9-41a0-94d9-dc46bf7258a1,ebon.memorial,available,52.99,52.99,medium,low,4,namesilo,,,14/08/2026 23:08
322867a9-bfc5-4528-aafe-2aaa341c84cf,unsaved.memorial,available,54.98,64.98,medium,low,7,namecheap,,,12/09/2026 17:57
52d638d1-ac83-4776-91ff-3d1ec08f9485,dirac.memorial,available,40.2,40.2,medium,low,5,cloudflare,,,29/09/2026 18:39
59ca05f5-3789-4e6b-85f3-8bc7b0600c3d,pritchard.memorial,available,52.99,52.99,medium,low,9,namesilo,,,28/09/2026 12:14
5ae1d6c7-4488-43b2-a47f-d40b4497d0fe,intolerable.memorial,available,52.99,52.99,medium,low,11,namesilo,,,30/09/2026 11:56
73ab5781-a088-494c-a5d7-2e85208c8494,khomeini.memorial,available,52.99,52.99,medium,low,8,namesilo,,,21/09/2026 10:36
0748d29a-c9fa-4532-a1cc-3b4eab0f21d2,rustproof.memorial,available,54.98,64.98,high,low,9,namecheap,,,09/09/2026 20:21
82b8a6ee-850e-4aed-a3b9-448accce4cc4,routledge.memorial,available,41.6,41.6,medium,low,9,spaceship,,,28/09/2026 16:54
74a0379c-0d74-4218-a168-e3d6c6bf7336,sweeps.memorial,available,52.99,52.99,medium,low,6,namesilo,,,18/09/2026 07:58
7a00786b-9432-4bd6-9fa6-ae2e21dbdfa5,territory.memorial,available,52.99,52.99,high,low,9,namesilo,,,29/09/2026 16:20
e21a1ed4-d11f-45a3-b8f3-e62928d3f3c9,opulent.memorial,available,52.99,52.99,high,low,7,namesilo,,,14/08/2026 00:58
278885a9-3bc4-4f3b-bb12-976f442ddad9,lobe.memorial,available,41.6,41.6,high,low,4,spaceship,,,29/09/2026 19:33
b5a01b51-bd9c-45ce-8db6-87302e2d7b3c,guangzhou.memorial,available,40.2,40.2,medium,low,9,cloudflare,,,28/09/2026 13:37
6c9a815c-4145-4ee5-9787-dc8303f2ac26,equator.memorial,available,41.6,41.6,high,low,7,spaceship,,,30/09/2026 09:34
f42ed1f1-589b-4208-8637-6742c5e10315,undesired.memorial,available,52.99,52.99,medium,low,9,namesilo,,,12/09/2026 07:49
88fcbead-ae80-4d92-acc7-9742c4c7e503,sugary.memorial,available,52.99,52.99,high,low,6,namesilo,,,19/09/2026 16:54
87bfe23e-875d-4fb5-a60b-04cf06d2066c,confluent.memorial,available,54.98,64.98,high,low,9,namecheap,,,12/08/2026 21:07
491d1332-f74c-487e-8f75-470c525717a3,irritated.memorial,available,52.99,52.99,medium,low,9,namesilo,,,
5567d583-c1d0-44f7-a407-d520573832e2,panes.memorial,available,52.99,52.99,medium,low,5,namesilo,,,
bfb33801-677e-4e4a-af76-e165b8db5924,yur.memorial,available,52.99,52.99,high,low,3,namesilo,,,
1c7516db-382b-4b01-abb1-dd34e6e74fb3,mobilize.memorial,available,52.99,52.99,high,low,8,namesilo,,,01/10/2026 04:12
781c51cf-46a3-4151-bec4-ddb2349f14c2,discredit.memorial,available,52.99,52.99,high,low,9,namesilo,,,29/09/2026 15:37
46048164-3e0b-4d97-972c-b25d97259058,uncivil.memorial,available,52.99,52.99,medium,low,7,namesilo,,,12/09/2026 05:12
0d0fdc8c-3c4e-4b5f-b261-6bb444db4bb7,sabha.memorial,available,40.2,40.2,medium,low,5,cloudflare,,,29/09/2026 21:35
500f0aac-e33b-43d0-a2ca-3f85739d268c,vitalizer.memorial,available,52.99,52.99,medium,low,9,namesilo,,,19/09/2026 09:10
3b9a35a8-6881-4fdc-a459-e3338ea9d327,zeus.memorial,available,52.99,52.99,high,medium,4,namesilo,,,28/09/2026 01:59
041358b1-b15b-4309-ae94-d90ca484d7b1,designate.memorial,available,52.99,52.99,high,low,9,namesilo,,,14/08/2026 03:42
264037ec-f142-442a-9afd-1ea4a5d61ba2,takashi.memorial,available,41.71,41.71,medium,low,7,porkbun,,,30/09/2026 21:32
296ecc7e-7d70-439a-b1f1-cc2449426404,upstate.memorial,available,52.99,52.99,high,low,7,namesilo,,,16/09/2026 10:25
830c6b4f-f978-451e-8237-ee40f7bb9554,dip.memorial,available,52.99,52.99,high,low,3,namesilo,,,24/09/2026 10:33
e3e8f173-4819-4d68-9540-0d4643ad35a1,rostock.memorial,available,41.6,41.6,high,low,7,spaceship,,,30/09/2026 18:34
10805179-98c8-4ce4-bbec-de1dbe92dde2,protector.memorial,available,41.71,41.71,high,low,9,porkbun,,,28/09/2026 13:52
fc97e54b-4b95-46c1-b039-7bf515087968,hanna.memorial,available,52.99,52.99,medium,low,5,namesilo,,,28/09/2026 07:49
736c393d-49a5-42a9-9636-d3f45226c3b6,foxy.memorial,available,52.99,52.99,high,low,4,namesilo,,,13/08/2026 04:30
057c313d-f082-4f84-9383-9a065917c480,trivalent.memorial,available,54.98,64.98,medium,low,9,namecheap,,,11/09/2026 20:13
14c643dd-f0ab-43b8-84c2-8a112ff4e940,vicarious.memorial,available,52.99,52.99,medium,low,9,namesilo,,,13/09/2026 05:15
8f0d969f-57e8-429c-86d8-e0ee32bc76da,administered.memorial,available,52.99,52.99,medium,low,12,namesilo,,,29/09/2026 16:19
3b7f8b02-5167-4883-ac2e-24dd4cfdedbe,undated.memorial,available,52.99,52.99,high,low,7,namesilo,,,12/09/2026 06:58
9bbd5284-4bad-4f89-8505-24e38a61dcfd,humane.memorial,available,52.99,52.99,high,low,6,namesilo,,,25/09/2026 06:31
916eca09-c875-483e-b784-10888b0d091b,wayne.memorial,available,52.99,52.99,high,low,5,namesilo,,,19/09/2026 13:47
6cf2dbbe-0af2-4fb8-b1a9-dd33f9eb9ff6,rejoice.memorial,available,41.6,41.6,high,low,7,spaceship,,,30/09/2026 17:44
2f932b13-c33b-4642-b2ab-2678a81bcdb9,perch.memorial,available,52.99,52.99,high,low,5,namesilo,,,
040db2dc-cad8-4d46-8878-8070b144a9d2,jailhouse.memorial,available,52.99,52.99,medium,low,9,namesilo,,,08/09/2026 22:44
543dd99d-5da8-4e33-b3ef-0e033c5b7bc1,perfidious.memorial,available,52.99,52.99,medium,low,10,namesilo,,,08/09/2026 16:31
b8a06a61-3299-4784-a9e1-939f923adb29,ablaze.memorial,available,52.99,52.99,high,low,6,namesilo,,,
42dff803-45a7-4c5b-9a01-c349b898fa58,vault.memorial,available,52.99,52.99,high,medium,5,namesilo,,,22/09/2026 02:40
07301e79-7b27-4d49-b821-d89358e17b2b,synchronal.memorial,available,52.99,52.99,medium,low,10,namesilo,,,11/09/2026 06:13
87da5749-8219-4b86-83ad-a5d261b51f2a,agonus.memorial,available,54.98,64.98,medium,low,6,namecheap,,,17/09/2026 18:59
9ac8565a-a2aa-4ccb-bc1d-e1ec592b8232,galaxies.memorial,available,52.99,52.99,high,low,8,namesilo,,,30/09/2026 14:49
aa94348a-cc92-4356-a8f3-526c8cb9f959,lenient.memorial,available,52.99,52.99,high,low,7,namesilo,,,22/08/2026 23:46
160bb6b2-710a-4634-a5d9-ea10be7198af,pliable.memorial,available,52.99,52.99,medium,low,7,namesilo,,,19/09/2026 14:13
05bbf3e7-f621-4b03-bf65-5792b1fee3ef,sawtooth.memorial,available,52.99,52.99,medium,low,9,namesilo,,,
c8ec7fb9-3aef-4b33-8106-f00662b32e8a,takes.memorial,available,52.99,52.99,medium,low,5,namesilo,,,
2e77d0dc-6a96-4e1c-ab2e-6b19f95ae56d,parishes.memorial,available,52.99,52.99,medium,low,8,namesilo,,,18/09/2026 08:08
fddf69ca-7663-44fe-8dac-36a7ce42ef8f,deformity.memorial,available,54.98,64.98,medium,low,9,namecheap,,,24/09/2026 21:21
c5d9c26a-0919-419d-8179-427e963a3b34,execrable.memorial,available,52.99,52.99,medium,low,9,namesilo,,,
3a7644e5-075d-4894-ad37-3ccb5801d9b2,damian.memorial,available,40.2,40.2,medium,low,6,cloudflare,,,28/09/2026 21:56
e839755b-51de-454a-a9ef-1f368f68a4cc,uub.memorial,available,54.98,64.98,medium,low,3,namecheap,,,20/09/2026 22:14
a183908b-89ca-4bab-99fa-b2f45b47010e,donovan.memorial,available,52.99,52.99,high,low,7,namesilo,,,28/09/2026 16:02
35edd008-a056-4c1a-a627-95fd4486a80c,castor.memorial,available,52.99,52.99,medium,low,6,namesilo,,,18/09/2026 13:36
064104f8-a7d2-427b-9f1d-5614b0a6c349,legato.memorial,available,52.99,52.99,high,low,6,namesilo,,,22/08/2026 22:53
5971c4ee-baeb-408f-a0d8-b89817d56207,interviewee.memorial,available,52.99,52.99,medium,low,11,namesilo,,,
17308b5c-65fb-4966-a964-c35068871aba,oran.memorial,available,52.99,52.99,high,low,4,namesilo,,,29/09/2026 07:47
cfb42d13-8ed5-4d4e-9084-ec4cec45fc0f,corporation.memorial,available,40.2,40.2,high,low,11,cloudflare,,,27/09/2026 16:41
b0a8a94f-3ad4-46b7-b043-9c837e425a5b,pad.memorial,available,41.6,41.6,high,low,3,spaceship,,,29/09/2026 16:29
e01edc4a-de13-44cb-9b7a-e8cb455ca6b8,unimposing.memorial,available,52.99,52.99,medium,low,10,namesilo,,,12/09/2026 13:12
2177a150-2a23-42ae-9765-65c9daf3157c,machiavelli.memorial,available,41.6,41.6,high,low,11,spaceship,,,30/09/2026 04:12
2fdad3dc-11e2-42da-aaba-d23fe1a82a6b,shelters.memorial,available,52.99,52.99,high,low,8,namesilo,,,20/09/2026 23:17
1e700ede-ed3f-4930-a2f0-d7e5591f587e,keys.memorial,available,52.99,52.99,high,medium,4,namesilo,,,
c08c1d13-db89-4e11-8b23-67a4089dc81d,nonsmoking.memorial,available,54.98,64.98,medium,low,11,namecheap,,,16/09/2026 20:03
c099cc60-bbc6-4c54-bcc6-1a17483c15f9,lads.memorial,available,52.99,52.99,high,low,4,namesilo,,,29/09/2026 11:04
909bbf1d-9dd9-4ffe-a862-652c2ec2c202,anodyne.memorial,available,52.99,52.99,medium,low,7,namesilo,,,
fbb95ee5-0362-44f1-ae74-4cdcba7fd981,arctan.memorial,available,52.99,52.99,medium,low,6,namesilo,,,20/09/2026 01:31
59d17f9f-5e92-458e-8a54-4b2702b778aa,mitt.memorial,available,52.99,52.99,medium,low,4,namesilo,,,22/09/2026 10:08
8d845068-808a-4c28-9aa7-fcd5fc6ca458,schilling.memorial,available,52.99,52.99,high,low,9,namesilo,,,21/09/2026 04:58
6990533e-cf99-456c-a4dc-4d906016f254,passim.memorial,available,54.98,64.98,medium,low,6,namecheap,,,15/09/2026 19:07
d822da22-96ed-48b3-9f13-8a10073fc9e8,allocate.memorial,available,40.2,40.2,high,low,8,cloudflare,,,30/09/2026 14:55
af2fd663-6978-47fd-97b1-9bb6e399e9a2,babyhood.memorial,available,52.99,52.99,high,low,8,namesilo,,,21/09/2026 13:48
bb6d9de8-86d3-4c20-986d-88f2c6aece3f,bruxelles.memorial,available,54.98,64.98,high,low,9,namecheap,,,23/09/2026 04:57
2d6adb75-7c4b-4b70-bdd1-4851805a12a6,peanut.memorial,available,52.99,52.99,high,low,6,namesilo,,,08/09/2026 11:13
e06cad0e-3290-414e-a9ef-aa55230b461b,deserving.memorial,available,52.99,52.99,high,low,9,namesilo,,,14/08/2026 03:29
a81a2e14-d25d-46b9-88ac-c6206b23171e,apologue.memorial,available,54.98,64.98,medium,low,8,namecheap,,,18/09/2026 10:43
ebb385e0-15fc-4fc4-92dc-e453d9786e2f,mojave.memorial,available,41.6,41.6,high,low,6,spaceship,,,28/09/2026 19:54
335a023d-f6b4-4c8d-8639-b6ff32c32444,chr.memorial,available,52.99,52.99,medium,low,3,namesilo,,,28/09/2026 12:07
1e1b701d-ea9d-4482-bb77-a7e02e3995f2,agua.memorial,available,54.98,64.98,high,low,4,namecheap,,,17/09/2026 20:04
8283c4ce-3d7c-49e4-8b0d-a574b29d9cd6,duckbill.memorial,available,52.99,52.99,medium,low,8,namesilo,,,14/08/2026 20:46
1bff06da-b148-4cdc-80b9-ff215ca02b53,hazard.memorial,available,41.6,41.6,medium,low,6,spaceship,,,28/09/2026 18:59
ecd55ca7-e854-491f-84a9-149b71f1fd36,annoy.memorial,available,54.98,64.98,high,low,5,namecheap,,,29/09/2026 14:37
79d55e5f-76cd-4a87-bf2c-4fdd5e9f3951,winnie.memorial,available,41.6,41.6,high,low,6,spaceship,,,29/09/2026 09:15
ef00e3f2-dc15-4529-819e-5717455dbb97,barroom.memorial,available,52.99,52.99,medium,low,7,namesilo,,,22/09/2026 03:34
75c0db52-f204-4a34-8068-7e458828fc25,belknap.memorial,available,41.6,41.6,high,low,7,spaceship,,,29/09/2026 15:05
c8cab877-a9fb-4f5a-bc37-fd0676c6c33d,athene.memorial,available,54.98,64.98,high,low,6,namecheap,,,20/09/2026 20:37
d1602fd9-e553-4ccf-94a1-9b0094dbf63a,andalusian.memorial,available,52.99,52.99,high,low,10,namesilo,,,
556c1e03-21b2-4a50-929c-07e68540ba35,rfc.memorial,available,54.98,64.98,high,low,3,namecheap,,,27/09/2026 06:31
9f1014b3-dd9a-4174-8267-c30b65068f94,squid.memorial,available,52.99,52.99,high,low,5,namesilo,,,29/09/2026 06:11
72371e5e-987d-41cb-8e2d-daa279ee4846,jacket.memorial,available,40.2,40.2,high,low,6,cloudflare,,,29/09/2026 12:13
c2a67366-b889-4583-a656-e88b069d8900,hobbies.memorial,available,54.98,64.98,medium,low,7,namecheap,,,20/09/2026 22:38
85808a70-6998-445b-ab53-ddbd48742e6c,schulz.memorial,available,40.2,40.2,high,low,6,cloudflare,,,28/09/2026 13:42
a88ef1f7-edb3-4357-8c86-42cac19daee5,sintered.memorial,available,52.99,52.99,medium,low,8,namesilo,,,10/09/2026 08:34
0abdd588-2166-4290-97b2-c3c687b35788,serrated.memorial,available,52.99,52.99,medium,low,8,namesilo,,,03/09/2026 22:08
2314e5f3-fd6d-42e7-b791-78aa2626dd36,wikimedia.memorial,available,,,high,high,9,,,,
0007ca00-57c1-469e-80fc-eb42a5168f04,amplifying.memorial,available,52.99,52.99,medium,low,10,namesilo,,,17/09/2026 20:45
26635eef-9506-43dc-a322-f2a20a31ba6e,describe.memorial,available,54.98,64.98,high,low,8,namecheap,,,25/09/2026 12:37
d35e3824-e67d-4861-b632-e57fbda8f6f0,unchained.memorial,available,52.99,52.99,high,low,9,namesilo,,,12/09/2026 04:54
ee09249b-524a-4b6d-846c-304893514125,buns.memorial,available,52.99,52.99,medium,low,4,namesilo,,,09/08/2026 10:54
911769f4-f71a-4508-883f-3455c6dd7d66,sunk.memorial,available,52.99,52.99,medium,low,4,namesilo,,,11/09/2026 01:50
6e713d20-bd49-4b5e-8ef2-d1413ec865c6,tzarist.memorial,available,64.99,65.99,medium,low,7,name.com,,,13/08/2026 14:59
9bd32aeb-c731-4048-8633-cfbaf7e70b98,infectious.memorial,available,52.99,52.99,medium,low,10,namesilo,,,22/08/2026 04:12
78f6ba2e-ed7c-4bc2-8551-b4e340b67f31,cpu.memorial,available,52.99,52.99,high,low,3,namesilo,,,24/09/2026 11:27
678154d5-1e89-461f-8110-83297286929b,recklessly.memorial,available,52.99,52.99,medium,low,10,namesilo,,,15/09/2026 22:49
cc41c44b-92dd-424a-916a-455cd44a9534,deportations.memorial,available,40.2,40.2,low,low,12,cloudflare,,,30/09/2026 16:17
a69d715f-9b49-4e53-9e4d-0bdea2b70d09,risking.memorial,available,41.6,41.6,high,low,7,spaceship,,,30/09/2026 04:11
64ef9e67-9df5-465d-af8f-5ce7f7affe6a,fannie.memorial,available,54.98,64.98,medium,low,6,namecheap,,,28/09/2026 12:06
fef82777-6536-4b78-b31c-7821aba5dfbd,fishing.memorial,available,52.99,52.99,high,low,7,namesilo,,,27/09/2026 03:59
bdd043f0-4998-46ee-89b9-0505c1732a25,plains.memorial,available,52.99,52.99,medium,low,6,namesilo,,,29/09/2026 09:36
88ab9289-626f-4a83-a697-72bd25e66c54,csu.memorial,available,40.2,40.2,medium,low,3,cloudflare,,,29/09/2026 09:33
ae8c0082-374c-4caf-9bf1-0d7b45982cf4,beatified.memorial,available,52.99,52.99,high,low,9,namesilo,,,09/08/2026 05:53
48ebe46b-d6d7-4e2c-998a-0eab1cc68f5c,senators.memorial,available,40.2,40.2,low,low,8,cloudflare,,,29/09/2026 05:32
dd03e2bc-4a72-4012-a009-9cae55066ca7,interrupt.memorial,available,64.99,65.99,high,low,9,name.com,,,13/08/2026 12:38
71541eaa-cc24-465c-964b-5d8c33ae3270,squire.memorial,available,41.6,41.6,high,low,6,spaceship,,,29/09/2026 08:07
6a4caec4-18b1-4f9b-9de8-6a4f557b3b59,foundling.memorial,available,52.99,52.99,medium,low,9,namesilo,,,16/09/2026 13:56
75131f17-0504-4796-899b-89da32d670a3,sasha.memorial,available,54.98,64.98,high,low,5,namecheap,,,28/09/2026 08:29
e0554c68-0111-41bc-8b6a-1c2e85b26966,almaata.memorial,available,52.99,52.99,medium,low,8,namesilo,,,18/09/2026 12:23
6ddddfae-2536-4ddd-81dc-f419338b942c,pharm.memorial,available,41.6,41.6,high,low,5,spaceship,,,30/09/2026 19:36
9a651274-c304-409c-b963-f672c32b4a2a,accepting.memorial,available,52.99,52.99,high,low,9,namesilo,,,21/09/2026 15:33
9752347a-4516-432c-a1f2-4082be938804,confessional.memorial,available,52.99,52.99,high,low,12,namesilo,,,30/09/2026 03:45
c8d2b6e1-2e5d-4115-af27-5aefe676d808,nuprin.memorial,available,54.98,64.98,medium,low,6,namecheap,,,17/09/2026 11:20
fec66548-de8d-4cec-aef4-e4bd7cddd386,snug.memorial,available,52.99,52.99,high,low,4,namesilo,,,12/08/2026 12:11
3d4ecd7f-35fc-4f29-892a-152e3c8b7938,adjacency.memorial,available,52.99,52.99,high,low,9,namesilo,,,17/09/2026 08:24
a69183f5-1608-40b7-9b64-a0134f24ca18,urged.memorial,available,52.99,52.99,medium,low,5,namesilo,,,19/09/2026 03:59
47830780-ae5e-44ff-90b0-a9bdea954a71,candidates.memorial,available,41.71,41.71,low,low,10,porkbun,,,28/09/2026 17:58
29a06c35-f7db-4feb-9b47-ba7155aa96b6,chan.memorial,available,52.99,52.99,high,low,4,namesilo,,,25/09/2026 11:12
4059baf5-3f7b-4c0e-98d2-425c2eadbc30,minsk.memorial,available,41.6,41.6,high,low,5,spaceship,,,28/09/2026 05:24
45db1b2d-9cb6-4bcf-a77e-c924c793b446,kat.memorial,available,52.99,52.99,high,low,3,namesilo,,,17/09/2026 15:23
46d66cb6-096c-4f34-81cf-72726dc01e7f,boiling.memorial,available,52.99,52.99,high,low,7,namesilo,,,14/09/2026 00:51
da587c66-e882-4a12-8775-877668962526,lng.memorial,available,41.6,41.6,high,low,3,spaceship,,,28/09/2026 13:00
06aca04a-c7a2-4f0c-b947-3dc1e3d35e25,hassium.memorial,available,52.99,52.99,medium,low,7,namesilo,,,20/09/2026 22:10
0724d0df-a66e-4eb1-a8e5-1b943e01754f,diving.memorial,available,52.99,52.99,high,low,6,namesilo,,,29/09/2026 16:25
caee557e-331b-430d-88a4-65fa2a60b6ce,hustler.memorial,available,41.6,41.6,medium,low,7,spaceship,,,30/09/2026 17:21
abcb310b-a102-4c86-a7ac-990e805a20c0,miri.memorial,available,52.99,52.99,high,low,4,namesilo,,,16/09/2026 16:35
82332fb2-b7f8-4070-8d4c-9899587e0475,asur.memorial,available,52.99,52.99,medium,low,4,namesilo,,,20/09/2026 16:43
e8b54ba2-e256-44d1-b6ef-64a66d92a27b,selena.memorial,available,52.99,52.99,high,low,6,namesilo,,,30/09/2026 13:21
8692dcf5-b377-4cb2-a337-610588e767e5,mantle.memorial,available,40.2,40.2,medium,low,6,cloudflare,,,28/09/2026 18:42
7c9c49a2-6c6a-49fc-8d6a-2b90ba4006e7,staged.memorial,available,54.98,64.98,high,low,6,namecheap,,,10/09/2026 18:02
82c9dbde-e978-49bf-8204-90aa36888cb6,smoked.memorial,available,52.99,52.99,medium,low,6,namesilo,,,10/09/2026 11:53
6b4fc913-b121-48b9-a49e-97b816bfba44,car.memorial,premium,68.51,68.51,high,medium,3,spaceship,,,28/09/2026 23:22
b71a8cf3-6849-43cd-b8f8-ff0c38dfa4b4,wondering.memorial,available,52.99,52.99,high,low,9,namesilo,,,28/09/2026 03:23
210dd268-c6bf-4ab1-89ce-f2e82042d8fb,vern.memorial,available,41.6,41.6,medium,low,4,spaceship,,,30/09/2026 22:22
6d3d44f9-1d0b-483f-b05e-eb5b0a0428f1,exposed.memorial,available,52.99,52.99,high,low,7,namesilo,,,17/08/2026 18:37
7dac137e-4914-45cd-9c42-9f9fd8ffb085,mindless.memorial,available,52.99,52.99,medium,low,8,namesilo,,,07/08/2026 02:48
9b7e156b-a519-40f6-8f3d-c2c3af040ee9,deceived.memorial,available,41.71,41.71,low,low,8,porkbun,,,29/09/2026 23:13
bc361e57-4ea6-4bc8-8832-628b208809b0,cycloid.memorial,available,64.99,65.99,medium,low,7,name.com,,,13/08/2026 13:37
4c9fb1da-0d0b-455d-a71d-0d5118118391,guevara.memorial,available,54.98,64.98,high,low,7,namecheap,,,29/09/2026 11:54
5d4fe6f3-de47-413a-bce8-7ba68e8e244e,flanders.memorial,available,41.6,41.6,medium,low,8,spaceship,,,30/09/2026 09:38
17818434-1e25-4a2c-819f-bb0e0791732e,leagues.memorial,available,43.02,43.02,medium,low,7,dynadot,,,29/09/2026 11:01
150a96b8-c686-44dd-86ba-117d8ba48176,goldbrick.memorial,available,52.99,52.99,medium,low,9,namesilo,,,20/08/2026 16:29
a9d14c53-af84-4901-b27c-983dac2a8d1e,raining.memorial,available,52.99,52.99,high,low,7,namesilo,,,19/09/2026 11:06
f3dd5896-9be2-44da-821e-20919fba787c,sketches.memorial,available,52.99,52.99,medium,low,8,namesilo,,,28/09/2026 23:25
ef1964ab-e622-402b-b74b-8295905bb37d,ascoma.memorial,available,52.99,52.99,medium,low,6,namesilo,,,20/09/2026 13:22
087202de-5924-4efd-b53c-0655d1c5572d,potable.memorial,available,54.98,64.98,high,low,7,namecheap,,,14/08/2026 19:25
377d1a5a-f7f3-46c4-b15b-0ee450615656,taking.memorial,available,52.99,52.99,high,low,6,namesilo,,,18/08/2026 02:22
4ff80d14-1719-4a9e-b729-ce159dd88ee7,stylized.memorial,available,52.99,52.99,high,low,8,namesilo,,,08/09/2026 05:30
0b36ea91-ba82-4887-b93e-9d5bb7e1c469,fanciful.memorial,available,52.99,52.99,high,low,8,namesilo,,,17/08/2026 21:56
8977b164-e611-4227-813c-9e826bffc7f3,sufferer.memorial,available,52.99,52.99,medium,low,8,namesilo,,,24/09/2026 22:36
3e6255b3-83ff-42a2-b63f-970155267dec,tablespoons.memorial,available,54.98,64.98,medium,low,11,namecheap,,,20/09/2026 10:16
f2d9e014-7d65-4f8e-9dd1-1cac42f8e4c2,beda.memorial,available,52.99,52.99,high,low,4,namesilo,,,21/09/2026 17:20
06919546-e8aa-4902-ad12-17e6bc67e068,thy.memorial,available,41.71,41.71,medium,low,3,porkbun,,,28/09/2026 15:36
e9227f37-5c2c-4343-9b33-9c4522f59ce1,byers.memorial,available,41.6,41.6,medium,low,5,spaceship,,,29/09/2026 09:57
34146ab7-6886-42fe-a78b-cd9161c60151,tyres.memorial,available,54.98,64.98,medium,low,5,namecheap,,,20/09/2026 19:00
fb1d174c-100f-489c-9870-f59077cc3b9f,battlefield.memorial,available,52.99,52.99,high,low,11,namesilo,,,28/09/2026 16:00
4e396b5c-2fb8-4ad4-b53e-f0346e3ee543,dhs.memorial,available,52.99,52.99,medium,low,3,namesilo,,,29/09/2026 09:25
5a233cfb-0cb5-4685-bd35-a371818235a4,elliptical.memorial,available,52.99,52.99,high,low,10,namesilo,,,15/08/2026 18:01
17516bdf-7680-46a0-bfa8-df96680cdbfd,escobar.memorial,available,52.99,52.99,high,low,7,namesilo,,,29/09/2026 22:26
12711331-3092-4c93-8619-7efbbf03788d,duct.memorial,available,52.99,52.99,high,low,4,namesilo,,,25/09/2026 00:18
b86e0b6f-df11-4939-b103-5051b53e904b,classified.memorial,available,52.99,52.99,high,low,10,namesilo,,,19/09/2026 14:44
ea558871-4820-4fb3-ab46-cda9f56e6aad,ninefold.memorial,available,52.99,52.99,medium,low,8,namesilo,,,03/09/2026 17:31
67b18a40-f517-4d5f-a1a5-4417937c761a,frowning.memorial,available,52.99,52.99,medium,low,8,namesilo,,,18/08/2026 16:40
0c35e79a-0e47-488e-89d4-7c67eb1e85c8,broccoli.memorial,available,54.98,64.98,high,low,8,namecheap,,,29/09/2026 04:00
6c4d9913-a30a-498f-85c3-aa5776944420,goliath.memorial,available,52.99,52.99,high,low,7,namesilo,,,23/09/2026 03:22
105dbc70-75cf-4b2e-a759-4c546058c1d5,dsm.memorial,available,43.02,43.02,medium,low,3,dynadot,,,29/09/2026 04:10
d9d05230-1d5a-4427-b53c-28d4cb656dab,infect.memorial,available,40.2,40.2,high,low,6,cloudflare,,,30/09/2026 11:23
41b2734c-b6a7-4e89-8abf-d81c4440a781,brickly.memorial,available,52.99,52.99,medium,low,7,namesilo,,,11/08/2026 03:51
f96fcf6a-a235-427e-8db9-795ec93bf36b,lentic.memorial,available,52.99,52.99,medium,low,6,namesilo,,,22/08/2026 23:50
23f4dea0-ed8a-40ee-8db7-be7fce9228c4,canal.memorial,available,41.71,41.71,high,low,5,porkbun,,,29/09/2026 06:24
4092d0f5-54e0-44f0-8dc5-0734972214f4,alerted.memorial,available,41.6,41.6,high,low,7,spaceship,,,30/09/2026 04:16
ce92808a-c6bc-4bd5-abb2-04fe316ee238,shame.memorial,available,52.99,52.99,high,low,5,namesilo,,,29/09/2026 15:43
e37adb22-1d96-45e4-b993-f5b6849af41e,dodgy.memorial,available,52.99,52.99,medium,low,5,namesilo,,,12/08/2026 01:46
5e3f2de4-97c0-4917-98df-ba212f1eda92,deliver.memorial,available,41.6,41.6,high,low,7,spaceship,,,29/09/2026 02:52
d889fafe-209c-4dcb-b822-35c77e6db99a,utes.memorial,available,41.6,41.6,medium,low,4,spaceship,,,30/09/2026 07:10
4293c40b-9b28-461e-8113-ba5cb87470d9,grime.memorial,available,52.99,52.99,medium,low,5,namesilo,,,14/08/2026 09:15
5fbf8a42-5d0d-4713-bd16-ab0d6e3d0709,week.memorial,available,41.6,41.6,high,low,4,spaceship,,,29/09/2026 05:49
53a4e67b-2d40-4b11-a5bd-9fd3a33d1c2f,terminate.memorial,available,41.6,41.6,medium,low,9,spaceship,,,28/09/2026 14:01
9e2fd719-49ea-4203-9379-e6567a392656,enjoys.memorial,available,41.6,41.6,medium,low,6,spaceship,,,28/09/2026 23:12
1b884911-d82a-40e3-97c3-17ef085f1867,petite.memorial,available,52.99,52.99,medium,low,6,namesilo,,,08/08/2026 14:24
09e7cb92-c5d9-40e4-962b-3597adbbdc97,shankar.memorial,available,52.99,52.99,medium,low,7,namesilo,,,29/09/2026 13:44
1dc2e912-7bcf-4095-8772-52d9185d6394,crucially.memorial,available,52.99,52.99,medium,low,9,namesilo,,,14/09/2026 09:50
8e1dfbcd-cef9-48f6-9118-07f0879d10df,composting.memorial,available,43.02,43.02,high,low,10,dynadot,,,01/10/2026 00:25
fb21b89f-54c9-4b14-bbe1-9afa87fc98bb,arafat.memorial,available,52.99,52.99,medium,low,6,namesilo,,,19/09/2026 23:42
27ade15e-00e7-41d2-8b09-f9118f21a70b,brunette.memorial,available,52.99,52.99,medium,low,8,namesilo,,,11/08/2026 06:56
a17ecd25-172f-4538-a7f2-edae22dea9ce,canasta.memorial,available,52.99,52.99,medium,low,7,namesilo,,,22/09/2026 11:16
5fdc431b-9749-42aa-b1a0-aadb38ce0717,paramedics.memorial,available,52.99,52.99,medium,low,10,namesilo,,,30/09/2026 00:40
6eb64902-2269-4a23-83b4-9eb0d0fa1bf9,caudal.memorial,available,52.99,52.99,high,low,6,namesilo,,,11/08/2026 22:22
947856fb-a58c-47cb-b641-0e0e1064070a,lambeth.memorial,available,40.2,40.2,medium,low,7,cloudflare,,,29/09/2026 04:58
e7c77aa9-ec95-4d02-b10f-4689fdf3a94a,tamely.memorial,available,54.98,64.98,medium,low,6,namecheap,,,16/09/2026 07:53
f5379e8d-7b71-428d-abce-ffae6a193860,stormy.memorial,available,52.99,52.99,medium,low,6,namesilo,,,28/09/2026 01:11
ba3c122f-e12f-4dde-957d-62bd4651bfe9,plato.memorial,available,43.02,43.02,high,low,5,dynadot,,,29/09/2026 13:42
4feda0af-9434-419e-89ff-ed1052ba44c5,unsexy.memorial,available,54.98,64.98,medium,low,6,namecheap,,,12/09/2026 19:23
1e7ce1e3-a9bd-4879-8591-a1d45e5645a9,assassination.memorial,available,52.99,52.99,medium,low,13,namesilo,,,28/09/2026 11:16
a512e728-9690-4c6e-abac-48fdc2cc01b2,enough.memorial,available,52.99,52.99,high,low,6,namesilo,,,24/09/2026 14:04
f53b49ae-44a1-4b2f-87ff-a530192e6516,archimedes.memorial,available,52.99,52.99,medium,low,10,namesilo,,,20/09/2026 02:08
993fcf71-b25a-47f1-9f88-c05e9feb514d,reggie.memorial,available,54.98,64.98,high,low,6,namecheap,,,28/09/2026 07:45
052cbb62-c2bd-438d-b7f1-9614db126dfb,gabonese.memorial,available,54.98,64.98,medium,low,8,namecheap,,,18/08/2026 19:24
bcff1dd1-eda2-415c-8d08-e90f7dc76b5e,fashionable.memorial,available,40.2,40.2,high,low,11,cloudflare,,,28/09/2026 15:41
a5964ffd-dd83-4731-a0e3-a7c3071834d9,drugless.memorial,available,54.98,64.98,medium,low,8,namecheap,,,14/08/2026 20:11
6ec163f6-f7d5-4e42-8447-f421bef4bf8a,drained.memorial,available,54.98,64.98,medium,low,7,namecheap,,,14/08/2026 18:17
974a9cb8-2260-4966-9a24-511420c3f747,autism.memorial,available,54.98,64.98,high,low,6,namecheap,,,21/09/2026 05:28
4cdd2910-da55-4c57-9add-ddb698dfbdd1,aesthetic.memorial,available,54.98,64.98,high,low,9,namecheap,,,21/09/2026 21:10
5c58ad3a-2541-4cae-80d4-abd2bdc3342e,lions.memorial,available,52.99,52.99,high,low,5,namesilo,,,
a712f6da-7ba6-466b-a114-e2e2bb417bfd,aec.memorial,available,52.99,52.99,high,low,3,namesilo,,,17/09/2026 12:04
0df1d154-79ea-4cda-89f4-31417e3401f1,exothermal.memorial,available,54.98,64.98,medium,low,10,namecheap,,,17/08/2026 17:47
2c9fdc84-4d90-4e2f-abf6-7a785310a538,nate.memorial,available,52.99,52.99,high,low,4,namesilo,,,25/09/2026 13:42
ab6ddc6f-5f89-45d5-8894-636a2442dab1,balanced.memorial,available,52.99,52.99,high,low,8,namesilo,,,29/09/2026 16:30
cb9c41bd-9278-4434-838c-d5ac8e1d2898,conflicting.memorial,available,52.99,52.99,medium,low,11,namesilo,,,30/09/2026 03:55
6384618d-d17c-492c-950e-14bb34000dc3,simony.memorial,available,52.99,52.99,medium,low,6,namesilo,,,22/09/2026 08:05
69af2623-b93f-476d-b237-75f457ed7fc0,obscure.memorial,available,52.99,52.99,high,low,7,namesilo,,,05/08/2026 21:59
20f1f0a0-393d-4fcf-b8e3-8afa82b3d583,orphan.memorial,available,52.99,52.99,high,low,6,namesilo,,,30/09/2026 06:17
67fba60a-b9c9-43b7-a13c-0ea0f091d1ad,work.memorial,premium,68.51,68.51,high,medium,4,spaceship,,,27/09/2026 23:50
2ac9e907-005f-47c7-9f4c-d4b2e94e121e,peg.memorial,available,40.2,40.2,high,low,3,cloudflare,,,27/09/2026 15:02
943eeac6-82c6-4508-ba47-27bf3e938f56,billiard.memorial,available,52.99,52.99,high,low,8,namesilo,,,09/08/2026 21:25
eef96fe1-12f7-4fa1-b70f-0b3c0374a947,sloppy.memorial,available,52.99,52.99,high,low,6,namesilo,,,08/08/2026 08:22
bbfaeaa5-9f04-442e-a051-cce35171a87d,textile.memorial,available,41.71,41.71,high,low,7,porkbun,,,28/09/2026 02:25
860091ea-a16e-49aa-88da-abebe95a1e34,plotted.memorial,available,52.99,52.99,high,low,7,namesilo,,,21/09/2026 22:10
1b1b6e55-bac0-4ef6-8a4c-ca2dadaa2d79,cans.memorial,available,52.99,52.99,medium,low,4,namesilo,,,18/09/2026 22:47
3556f9a4-40ba-409b-be32-ffa1a9c27de6,cohort.memorial,available,52.99,52.99,high,low,6,namesilo,,,17/09/2026 16:45
406fdc82-2996-427e-a0f7-cde06922a3d0,perce.memorial,available,54.98,64.98,medium,low,5,namecheap,,,30/09/2026 12:29
b5378823-d9c6-4388-94ce-1d2a5b36773b,rescuing.memorial,available,41.6,41.6,high,low,8,spaceship,,,30/09/2026 14:58
24ade771-f2cc-4cc9-ba25-7f5f456dd30c,charitably.memorial,available,52.99,52.99,medium,low,10,namesilo,,,14/09/2026 06:19
ae8b972f-cc9f-4853-9df3-d36eea6a111c,bauhaus.memorial,available,52.99,52.99,high,low,7,namesilo,,,22/09/2026 16:36
ff7cb281-e60d-4346-9502-c0b28ff9c00b,linearly.memorial,available,52.99,52.99,medium,low,8,namesilo,,,15/09/2026 12:25
88d99b74-819d-4fea-bc99-52af94333e91,keister.memorial,available,52.99,52.99,low,low,7,namesilo,,,09/08/2026 11:08
3a671ff7-d3cd-4447-95a3-c52ea0ce8bbc,dominguez.memorial,available,52.99,52.99,medium,low,9,namesilo,,,30/09/2026 13:47
cac96268-6de8-40eb-8997-5680595703b3,uncrossed.memorial,available,52.99,52.99,medium,low,9,namesilo,,,12/09/2026 06:33
f817b04c-8e9f-4073-9729-b8e3c5d8ab6a,oddly.memorial,available,41.6,41.6,medium,low,5,spaceship,,,28/09/2026 14:28
0434eda3-c6b5-4293-a538-7e3c0576f258,bliss.memorial,available,52.99,52.99,high,medium,5,namesilo,,,24/09/2026 06:14
70258c27-a6ac-43b8-8262-9184d3339115,cozily.memorial,available,52.99,52.99,medium,low,6,namesilo,,,14/09/2026 08:48
c9da88e7-5154-4e6c-acb3-abdb3bbd4b4e,empirical.memorial,available,54.98,64.98,high,low,9,namecheap,,,16/08/2026 18:21
6126c847-bc2f-499b-b478-32759187e865,polemic.memorial,available,52.99,52.99,medium,low,7,namesilo,,,08/09/2026 22:51
87f8a840-1214-48f0-ab60-7bf0dec6b1c7,society.memorial,available,41.6,41.6,high,low,7,spaceship,,,29/09/2026 01:43
9c19ee53-b41f-412c-8580-6d0fd8bf32fd,autogyro.memorial,available,52.99,52.99,medium,low,8,namesilo,,,21/09/2026 06:23
06bcc073-156b-4f7c-b10e-84015ced36af,maggie.memorial,available,52.99,52.99,high,low,6,namesilo,,,25/09/2026 11:56
c1731447-2697-4178-885c-aa9d1f662769,asphodel.memorial,available,52.99,52.99,medium,low,8,namesilo,,,20/09/2026 15:08
4fe8d89b-5d50-4e5b-99ad-ba22a5cf04c8,reid.memorial,available,52.99,52.99,high,low,4,namesilo,,,25/09/2026 10:17
cfc9d350-915a-4362-aba0-1ecabae55689,vessel.memorial,available,52.99,52.99,high,low,6,namesilo,,,27/09/2026 16:11
27cb2901-413d-4dad-bad6-cab41065ffb7,discussed.memorial,available,52.99,52.99,medium,low,9,namesilo,,,27/09/2026 10:04
bd016d6d-986e-48ca-a3ab-8839aece85a5,powhatan.memorial,available,52.99,52.99,high,low,8,namesilo,,,01/10/2026 03:20
4aa2b278-3745-4dab-a045-7e719d3c2e59,brainsick.memorial,available,52.99,52.99,low,low,9,namesilo,,,11/08/2026 01:45
c3a2d762-77e8-4db1-b97b-725507a225e5,childish.memorial,available,52.99,52.99,high,low,8,namesilo,,,12/08/2026 05:02
afbc957a-e577-469a-b119-942e726bca97,damnable.memorial,available,64.99,65.99,medium,low,8,name.com,,,13/08/2026 16:29
1423d3b3-11d7-4c7a-ba8e-299f49973823,clannish.memorial,available,52.99,52.99,medium,low,8,namesilo,,,12/08/2026 09:35
3403f681-9c6a-4c44-803f-f18a7306d348,ral.memorial,available,43.02,43.02,high,low,3,dynadot,,,30/09/2026 20:40
1aeee992-2d92-4a11-b3da-d049a82c87a4,accidentally.memorial,available,41.6,41.6,medium,low,12,spaceship,,,28/09/2026 03:20
10fba3a2-4e64-4f1b-b4fc-83b0e87c84ec,verbosely.memorial,available,52.99,52.99,medium,low,9,namesilo,,,15/09/2026 12:43
c6df81de-4ce7-43a2-8e10-9406a077c909,satiate.memorial,available,52.99,52.99,high,low,7,namesilo,,,09/09/2026 14:28
d181c392-d630-40f3-aa9c-94b585fd4a43,ravenous.memorial,available,52.99,52.99,medium,low,8,namesilo,,,15/08/2026 06:13
f0916028-eaba-4848-b227-d38fce327545,graceless.memorial,available,52.99,52.99,medium,low,9,namesilo,,,18/08/2026 20:43
53281348-f324-4c50-a60c-8a62deb10dc1,unhappy.memorial,available,54.98,64.98,high,low,7,namecheap,,,24/09/2026 12:43
a9b205e2-92ec-4ae7-9a04-4be2d92ecb2b,expect.memorial,available,41.6,41.6,high,low,6,spaceship,,,30/09/2026 15:04
50ee7383-655b-457d-98e8-c0b13f37b08d,browned.memorial,available,52.99,52.99,medium,low,7,namesilo,,,11/08/2026 06:29
45e69c27-fd01-46d4-9d09-a79b2b7dfaf4,myopic.memorial,available,52.99,52.99,medium,low,6,namesilo,,,03/09/2026 12:14
fd95a3a1-ac46-46d9-9586-8e64e2309afe,turtles.memorial,available,52.99,52.99,medium,low,7,namesilo,,,28/09/2026 23:52
d2d904e7-f80f-4e58-892b-c76b55156301,massage.memorial,available,40.2,40.2,high,low,7,cloudflare,,,30/09/2026 03:59
a8b5500b-f635-4e86-bdd7-ebbbe20660ac,rollover.memorial,available,54.98,64.98,high,low,9,namecheap,,,16/09/2026 17:22
051a3841-9af7-4257-8f1d-647c56db8dbd,tons.memorial,available,52.99,52.99,high,low,4,namesilo,,,28/09/2026 15:04
9802f9ca-4a53-482f-8986-b920f44fd943,naughty.memorial,available,54.98,64.98,high,low,7,namecheap,,,18/08/2026 20:00
dc3e285d-be9c-4f70-9364-b0dcf3e4fc8a,engorge.memorial,available,52.99,52.99,medium,low,7,namesilo,,,23/09/2026 17:25
e97de0c9-acba-4a09-bb55-131a8983786c,gorki.memorial,available,52.99,52.99,medium,low,5,namesilo,,,18/09/2026 05:08
abd6986a-728f-4cdd-8d85-f5d8c9330484,spots.memorial,available,52.99,52.99,high,low,5,namesilo,,,27/09/2026 04:00
c7aeb1a5-c8a9-4cf6-bc63-e5a3122a3478,blastocyst.memorial,available,52.99,52.99,medium,low,10,namesilo,,,24/09/2026 04:28
110d3e43-2171-4137-ad70-7bba6e140f57,naomi.memorial,available,54.98,64.98,medium,low,5,namecheap,,,28/09/2026 14:57
94bbdd14-7f37-4c0c-95a2-adabf813169e,ungentle.memorial,available,52.99,52.99,medium,low,8,namesilo,,,12/09/2026 11:11
f3ccd24b-8fc9-47be-80ac-0cfbfa78924a,anole.memorial,available,54.98,64.98,medium,low,5,namecheap,,,18/09/2026 19:28
d5ba4a34-5656-4d58-a506-e425c87782c3,fatah.memorial,available,52.99,52.99,medium,low,5,namesilo,,,18/09/2026 00:27
d02bdc9e-d7f3-4bf4-9283-a87272e873fa,relativity.memorial,available,43.02,43.02,high,low,10,dynadot,,,29/09/2026 12:09
9613d05a-2433-4a93-8ea1-b1d3cf802dfa,dorothea.memorial,available,54.98,64.98,medium,low,8,namecheap,,,28/09/2026 07:54
c9fd593e-e81d-47e4-8490-eee4dbdca20b,commentary.memorial,available,54.98,64.98,medium,low,10,namecheap,,,29/09/2026 06:24
f32e01ed-d86d-4144-81a4-abc0964cd31e,washable.memorial,available,52.99,52.99,high,low,8,namesilo,,,13/09/2026 08:29
b81602c8-e66b-41bd-80e0-a081aa94fe5b,smarted.memorial,available,54.98,64.98,medium,low,7,namecheap,,,20/09/2026 16:41
427bf1e1-dc14-4a10-b619-c172eea5064f,abeyant.memorial,available,52.99,52.99,medium,low,7,namesilo,,,
efa70f7a-e4c9-4cc2-a175-2e93cc51076e,larger.memorial,available,54.98,64.98,high,low,6,namecheap,,,22/09/2026 20:38
f38bd849-0857-4086-9b55-634035da5382,teacher.memorial,available,52.99,52.99,high,low,7,namesilo,,,30/09/2026 00:13
8ea74432-0a13-4180-a1c6-77fbca24629a,infinity.memorial,available,41.71,41.71,high,medium,8,porkbun,,,29/09/2026 00:51
3069b203-e68c-43eb-8fa5-446f6e031a64,eighter.memorial,available,52.99,52.99,medium,low,7,namesilo,,,
931c8868-ec91-43ff-b880-821bca5942d2,hodge.memorial,available,43.02,43.02,medium,low,5,dynadot,,,29/09/2026 15:06
76f9d616-f780-4897-9bab-d364ba4e46c5,encounter.memorial,available,54.98,64.98,high,low,9,namecheap,,,25/09/2026 19:00
5c1165b5-fb2d-4a5e-9564-86d72a67770c,mata.memorial,available,41.6,41.6,medium,low,4,spaceship,,,28/09/2026 21:09
2be62007-0425-442c-a599-f6aae6f812b3,outspoken.memorial,available,52.99,52.99,high,low,9,namesilo,,,11/08/2026 16:45
860d190a-ef61-4c8b-90f2-fa5f8de69c0a,bronzed.memorial,available,52.99,52.99,high,low,7,namesilo,,,11/08/2026 05:43
87f48bb0-d7e0-4106-9a38-5f7f0662c358,cohesive.memorial,available,52.99,52.99,high,low,8,namesilo,,,12/08/2026 16:05
e883877a-02b5-421b-9694-dd4e0655263c,critically.memorial,available,41.6,41.6,medium,low,10,spaceship,,,28/09/2026 14:26
50a98451-716c-402a-bf50-f2322a37703e,pool.memorial,available,41.6,41.6,high,medium,4,spaceship,,,29/09/2026 11:12
99813adf-b282-49d7-b733-45a18b9c2076,idly.memorial,available,52.99,52.99,high,low,4,namesilo,,,15/09/2026 01:38
3203db09-abbd-48a9-b8ba-827790438bef,meddlesome.memorial,available,52.99,52.99,medium,low,10,namesilo,,,11/08/2026 11:23
9da24ced-4e2a-4c4e-ab70-8689ab14c2df,tournament.memorial,available,52.99,52.99,high,low,10,namesilo,,,27/09/2026 05:49
e5bd3046-c76d-4b26-9e5f-a8598f075ae0,taped.memorial,available,52.99,52.99,medium,low,5,namesilo,,,11/09/2026 08:15
a7efb04f-3fd3-407f-9411-212e55251927,apogee.memorial,available,54.98,64.98,high,low,6,namecheap,,,19/09/2026 18:28
ca26e7a1-9b08-4c5d-b889-d19f1a737312,clam.memorial,available,40.2,40.2,high,low,4,cloudflare,,,29/09/2026 09:46
c074e0cf-f2ef-42d7-a5e6-47d15d653b29,atkins.memorial,available,52.99,52.99,high,low,6,namesilo,,,25/09/2026 17:28
739f7fac-12ee-44b1-a8a8-7f8484204d04,hyperfine.memorial,available,52.99,52.99,medium,low,9,namesilo,,,21/08/2026 16:48
ef9010c9-3094-4416-b166-e2ceaf9d8a32,jam.memorial,premium,78.54,78.54,high,medium,3,namesilo,,,25/09/2026 22:35
d298267a-c664-4bc8-9d45-fe8cf34016d3,ethereal.memorial,available,54.98,64.98,high,low,8,namecheap,,,21/09/2026 21:04
ba0bc1dc-d40e-49f2-883a-fbc320a8f1f7,neighbors.memorial,available,52.99,52.99,high,low,9,namesilo,,,18/09/2026 09:55
244d1ea0-2389-4ac6-8502-feba4ba3e9cc,jerking.memorial,available,52.99,52.99,medium,low,7,namesilo,,,06/08/2026 21:58
8b199011-92c7-4fa0-a3af-102933678d4d,tickets.memorial,available,52.99,52.99,high,low,7,namesilo,,,18/09/2026 23:30
66c1a88d-046c-40c0-a700-ccb38c12a05d,animosity.memorial,available,64.99,65.99,medium,low,9,name.com,,,19/09/2026 09:20
9e9e031c-9d79-4d7e-90fe-825ca32056ce,academia.memorial,available,52.99,52.99,high,low,8,namesilo,,,28/09/2026 08:49
356ffdac-5ad5-47bf-ace6-1c40bae23f43,stieglitz.memorial,available,52.99,52.99,medium,low,9,namesilo,,,18/09/2026 06:45
7acabd14-720d-4f43-90f1-e4fdbb422745,priestley.memorial,available,40.2,40.2,medium,low,9,cloudflare,,,29/09/2026 07:23
701e7cf5-d2e2-497c-bc31-fc76391d8974,wasteful.memorial,available,52.99,52.99,medium,low,8,namesilo,,,12/09/2026 08:47
67991626-5c9b-4081-9aec-68253dc444d9,uniformly.memorial,available,52.99,52.99,medium,low,9,namesilo,,,16/09/2026 10:05
b602acf8-67c1-4932-9da2-caf63ca1cea4,drowsy.memorial,available,54.98,64.98,medium,low,6,namecheap,,,14/08/2026 18:05
028662bf-3c2b-49c1-94ad-931b0c4f4090,anastasia.memorial,available,41.6,41.6,medium,low,9,spaceship,,,29/09/2026 03:46
d7bb81e3-00d9-4c9d-b510-c4af1f530ab4,conquering.memorial,available,52.99,52.99,high,low,10,namesilo,,,24/09/2026 17:24
e0e4e9d3-01c4-47f4-9956-2cac9a8b19cc,correct.memorial,available,52.99,52.99,high,low,7,namesilo,,,23/09/2026 23:33
47614ec1-c0aa-48de-9b60-970a1cb4f36a,multilane.memorial,available,52.99,52.99,medium,low,9,namesilo,,,03/09/2026 10:43
fbf647e0-eed4-4c0f-9fe5-c9223daf6646,telegram.memorial,available,41.6,41.6,high,medium,8,spaceship,,,27/09/2026 16:02
21bc15a3-e97c-43cd-baae-0149abbcdbeb,pulitzer.memorial,available,41.6,41.6,high,low,8,spaceship,,,29/09/2026 19:26
e83d5802-d2de-43ac-8157-47fb324135d6,brazenly.memorial,available,52.99,52.99,medium,low,8,namesilo,,,14/09/2026 01:24
91d6785f-e534-4eae-8e56-756c09bd012c,personnel.memorial,available,52.99,52.99,high,low,9,namesilo,,,27/09/2026 15:14
a7a1b4d0-106e-4457-9d54-1b645ce6da12,alternating.memorial,available,41.6,41.6,medium,low,11,spaceship,,,30/09/2026 05:54
2d5a5718-77e7-45bf-a89f-0205b223fe7e,katz.memorial,available,52.99,52.99,high,low,4,namesilo,,,25/09/2026 15:43
9fd704b0-fc8f-48a8-b080-359c620296ae,failure.memorial,available,52.99,52.99,high,low,7,namesilo,,,25/09/2026 22:41
5cfa766a-32f1-481b-af52-65feaddea638,cooked.memorial,available,52.99,52.99,high,low,6,namesilo,,,23/09/2026 22:56
7d49a1e1-4244-4f6a-bb77-d0cf270bd172,cry.memorial,premium,102.67,102.67,high,low,3,spaceship,,,29/09/2026 12:15
34486d46-f6b6-4d0d-957a-273fe72aa3e9,laramie.memorial,available,52.99,52.99,medium,low,7,namesilo,,,28/09/2026 14:40
482511cc-6610-4c82-9b50-a9f8b99652f5,arteries.memorial,available,41.6,41.6,medium,low,8,spaceship,,,30/09/2026 06:28
5d129afe-db82-4af2-9874-85080fe6439a,persuasive.memorial,available,54.98,64.98,high,low,10,namecheap,,,08/09/2026 18:05
51e0c7f6-af87-4418-8c4e-43a4f8cf3b5f,fontenoy.memorial,available,52.99,52.99,medium,low,8,namesilo,,,22/09/2026 15:04
e14aa4fc-6817-45c4-bda6-c3f2d7583f52,striation.memorial,available,52.99,52.99,medium,low,9,namesilo,,,22/09/2026 01:19
bd60af2e-bdeb-418d-a7f5-f64d9ef8a62d,erupt.memorial,available,52.99,52.99,high,low,5,namesilo,,,30/09/2026 16:28
2700443b-5de8-4237-b17c-1bec788560c1,sacramento.memorial,available,41.6,41.6,high,low,10,spaceship,,,29/09/2026 18:11
852916fb-63ae-43f7-a911-b9b9c000a695,baiting.memorial,available,54.98,64.98,medium,low,7,namecheap,,,21/09/2026 19:58
4b336610-8457-4bb5-a02e-ae50fc0a086f,condo.memorial,available,40.2,40.2,high,low,5,cloudflare,,,29/09/2026 10:41
992d56fb-2ba3-4cad-858b-ffaa704ce720,diseased.memorial,available,52.99,52.99,medium,low,8,namesilo,,,14/08/2026 10:08
77b8177e-741e-4ed5-96e5-61dfb266272b,ashamed.memorial,available,41.6,41.6,medium,low,7,spaceship,,,27/09/2026 17:32
e37c01bd-4083-431a-85b1-9e64ec3d70b1,promises.memorial,available,52.99,52.99,medium,low,8,namesilo,,,27/09/2026 03:01